#VRML V2.0 utf8
# 3D model generated by kicad-lcsc-manager
# Based on easyeda2kicad.py v1.0.1

Shape{
    appearance Appearance {
        material  Material {
            diffuseColor 0.8313725490196079 0.8313725490196079 0.8196078431372549
            specularColor 0.6666666666666666 0.6666666666666666 0.6549019607843137
            ambientIntensity 0.83
            transparency 0.0
            shininess 0.5
        }
    }
    geometry IndexedFaceSet {
        ccw TRUE
        solid FALSE
        coord DEF co Coordinate {
            point [
                2.4626 0.6043 1.122, 2.2657 0.6043 1.122, 2.4626 0.6182 1.1204, 2.2657 0.6182 1.1204, 2.4626 0.6314 1.1155, 2.2657 0.6314 1.1155, 2.4626 0.643 1.1076, 2.2657 0.643 1.1076, 2.4626 0.6525 1.0971, 2.2657 0.6525 1.0971, 2.4626 0.6592 1.0848, 2.2657 0.6592 1.0848, 2.4626 0.6628 1.0712, 2.2657 0.6628 1.0712, 2.4626 0.806 0.0508, 2.2657 0.806 0.0508, 2.2657 0.8096 0.0373, 2.4626 0.8096 0.0373, 2.2657 0.8163 0.0249, 2.4626 0.8163 0.0249, 2.2657 0.8257 0.0145, 2.4626 0.8257 0.0145, 2.2657 0.8373 0.0066, 2.4626 0.8373 0.0066, 2.2657 0.8505 0.0017, 2.4626 0.8505 0.0017, 2.2657 0.8644 0.0, 2.4626 0.8644 0.0, 2.4626 1.5354 0.0, 2.2657 1.5354 0.0, 2.2854 1.6929 0.0197, 2.2854 1.6929 0.1772, 2.4429 1.6929 0.0197, 2.4429 1.6929 0.1772, 2.2657 1.5354 0.1969, 2.2657 1.0356 0.1969, 2.4626 1.5354 0.1969, 2.4626 1.0356 0.1969, 2.4626 1.0216 0.1985, 2.2657 1.0216 0.1985, 2.4626 1.0085 0.2034, 2.2657 1.0085 0.2034, 2.4626 0.9968 0.2113, 2.2657 0.9968 0.2113, 2.4626 0.9874 0.2218, 2.2657 0.9874 0.2218, 2.4626 0.9807 0.2341, 2.2657 0.9807 0.2341, 2.4626 0.9771 0.2477, 2.2657 0.9771 0.2477, 2.4626 0.8339 1.2681, 2.2657 0.8339 1.2681, 2.2657 0.8303 1.2816, 2.4626 0.8303 1.2816, 2.2657 0.8236 1.294, 2.4626 0.8236 1.294, 2.2657 0.8142 1.3044, 2.4626 0.8142 1.3044, 2.2657 0.8025 1.3123, 2.4626 0.8025 1.3123, 2.2657 0.7894 1.3172, 2.4626 0.7894 1.3172, 2.2657 0.7754 1.3189, 2.4626 0.7754 1.3189, 2.4626 -1.1417 1.3189, 2.2657 -1.1417 1.3189, 2.2854 -1.2992 1.2992, 2.2854 -1.2992 1.1417, 2.4429 -1.2992 1.2992, 2.4429 -1.2992 1.1417, 2.2657 -1.1417 1.122, 2.4626 -1.1417 1.122, 4.0571 -1.6663 0.9688, 4.0571 -0.5425 0.9688, 3.8996 -1.6663 0.9688, 3.8996 -0.5425 0.9688, 4.0571 -1.6663 0.6693, 3.8996 -1.6663 0.6693, 4.0571 -1.6929 0.6108, 3.8996 -1.6929 0.6108, 4.0571 -1.6929 0.0, 3.8996 -1.6929 0.0, 4.0571 -1.4173 0.0, 3.8996 -1.4173 0.0, 4.0571 -1.4164 0.0069, 3.8996 -1.4164 0.0069, 4.0571 -1.4137 0.0133, 3.8996 -1.4137 0.0133, 4.0571 -1.4095 0.0189, 3.8996 -1.4095 0.0189, 4.0571 -1.404 0.0231, 3.8996 -1.404 0.0231, 4.0571 -1.3975 0.0258, 3.8996 -1.3975 0.0258, 4.0571 -1.3906 0.0267, 3.8996 -1.3906 0.0267, 4.0571 -1.3837 0.0258, 3.8996 -1.3837 0.0258, 4.0571 -1.3773 0.0231, 3.8996 -1.3773 0.0231, 4.0571 -1.3718 0.0189, 3.8996 -1.3718 0.0189, 4.0571 -1.3675 0.0133, 3.8996 -1.3675 0.0133, 4.0571 -1.3649 0.0069, 3.8996 -1.3649 0.0069, 4.0571 -1.3639 0.0, 3.8996 -1.3639 0.0, 4.0571 -0.6202 0.0, 3.8996 -0.6202 0.0, 4.0571 -0.6202 0.1232, 3.8996 -0.6202 0.1232, 4.0571 -0.5425 0.1232, 3.8996 -0.5425 0.1232, -3.0492 0.6043 1.122, -3.2461 0.6043 1.122, -3.0492 0.6182 1.1204, -3.2461 0.6182 1.1204, -3.0492 0.6314 1.1155, -3.2461 0.6314 1.1155, -3.0492 0.643 1.1076, -3.2461 0.643 1.1076, -3.0492 0.6525 1.0971, -3.2461 0.6525 1.0971, -3.0492 0.6592 1.0848, -3.2461 0.6592 1.0848, -3.0492 0.6628 1.0712, -3.2461 0.6628 1.0712, -3.0492 0.806 0.0508, -3.2461 0.806 0.0508, -3.2461 0.8096 0.0373, -3.0492 0.8096 0.0373, -3.2461 0.8163 0.0249, -3.0492 0.8163 0.0249, -3.2461 0.8257 0.0145, -3.0492 0.8257 0.0145, -3.2461 0.8373 0.0066, -3.0492 0.8373 0.0066, -3.2461 0.8505 0.0017, -3.0492 0.8505 0.0017, -3.2461 0.8644 0.0, -3.0492 0.8644 0.0, -3.0492 1.5354 0.0, -3.2461 1.5354 0.0, -3.2264 1.6929 0.0197, -3.2264 1.6929 0.1772, -3.0689 1.6929 0.0197, -3.0689 1.6929 0.1772, -3.2461 1.5354 0.1969, -3.2461 1.0356 0.1969, -3.0492 1.5354 0.1969, -3.0492 1.0356 0.1969, -3.0492 1.0216 0.1985, -3.2461 1.0216 0.1985, -3.0492 1.0085 0.2034, -3.2461 1.0085 0.2034, -3.0492 0.9968 0.2113, -3.2461 0.9968 0.2113, -3.0492 0.9874 0.2218, -3.2461 0.9874 0.2218, -3.0492 0.9807 0.2341, -3.2461 0.9807 0.2341, -3.0492 0.9771 0.2477, -3.2461 0.9771 0.2477, -3.0492 0.8339 1.2681, -3.2461 0.8339 1.2681, -3.2461 0.8303 1.2816, -3.0492 0.8303 1.2816, -3.2461 0.8236 1.294, -3.0492 0.8236 1.294, -3.2461 0.8142 1.3044, -3.0492 0.8142 1.3044, -3.2461 0.8025 1.3123, -3.0492 0.8025 1.3123, -3.2461 0.7894 1.3172, -3.0492 0.7894 1.3172, -3.2461 0.7754 1.3189, -3.0492 0.7754 1.3189, -3.0492 -1.1417 1.3189, -3.2461 -1.1417 1.3189, -3.2264 -1.2992 1.2992, -3.2264 -1.2992 1.1417, -3.0689 -1.2992 1.2992, -3.0689 -1.2992 1.1417, -3.2461 -1.1417 1.122, -3.0492 -1.1417 1.122, -2.2618 0.6043 1.122, -2.4587 0.6043 1.122, -2.2618 0.6182 1.1204, -2.4587 0.6182 1.1204, -2.2618 0.6314 1.1155, -2.4587 0.6314 1.1155, -2.2618 0.643 1.1076, -2.4587 0.643 1.1076, -2.2618 0.6525 1.0971, -2.4587 0.6525 1.0971, -2.2618 0.6592 1.0848, -2.4587 0.6592 1.0848, -2.2618 0.6628 1.0712, -2.4587 0.6628 1.0712, -2.2618 0.806 0.0508, -2.4587 0.806 0.0508, -2.4587 0.8096 0.0373, -2.2618 0.8096 0.0373, -2.4587 0.8163 0.0249, -2.2618 0.8163 0.0249, -2.4587 0.8257 0.0145, -2.2618 0.8257 0.0145, -2.4587 0.8373 0.0066, -2.2618 0.8373 0.0066, -2.4587 0.8505 0.0017, -2.2618 0.8505 0.0017, -2.4587 0.8644 0.0, -2.2618 0.8644 0.0, -2.2618 1.5354 0.0, -2.4587 1.5354 0.0, -2.439 1.6929 0.0197, -2.439 1.6929 0.1772, -2.2815 1.6929 0.0197, -2.2815 1.6929 0.1772, -2.4587 1.5354 0.1969, -2.4587 1.0356 0.1969, -2.2618 1.5354 0.1969, -2.2618 1.0356 0.1969, -2.2618 1.0216 0.1985, -2.4587 1.0216 0.1985, -2.2618 1.0085 0.2034, -2.4587 1.0085 0.2034, -2.2618 0.9968 0.2113, -2.4587 0.9968 0.2113, -2.2618 0.9874 0.2218, -2.4587 0.9874 0.2218, -2.2618 0.9807 0.2341, -2.4587 0.9807 0.2341, -2.2618 0.9771 0.2477, -2.4587 0.9771 0.2477, -2.2618 0.8339 1.2681, -2.4587 0.8339 1.2681, -2.4587 0.8303 1.2816, -2.2618 0.8303 1.2816, -2.4587 0.8236 1.294, -2.2618 0.8236 1.294, -2.4587 0.8142 1.3044, -2.2618 0.8142 1.3044, -2.4587 0.8025 1.3123, -2.2618 0.8025 1.3123, -2.4587 0.7894 1.3172, -2.2618 0.7894 1.3172, -2.4587 0.7754 1.3189, -2.2618 0.7754 1.3189, -2.2618 -1.1417 1.3189, -2.4587 -1.1417 1.3189, -2.439 -1.2992 1.2992, -2.439 -1.2992 1.1417, -2.2815 -1.2992 1.2992, -2.2815 -1.2992 1.1417, -2.4587 -1.1417 1.122, -2.2618 -1.1417 1.122, -1.4744 0.6043 1.122, -1.6713 0.6043 1.122, -1.4744 0.6182 1.1204, -1.6713 0.6182 1.1204, -1.4744 0.6314 1.1155, -1.6713 0.6314 1.1155, -1.4744 0.643 1.1076, -1.6713 0.643 1.1076, -1.4744 0.6525 1.0971, -1.6713 0.6525 1.0971, -1.4744 0.6592 1.0848, -1.6713 0.6592 1.0848, -1.4744 0.6628 1.0712, -1.6713 0.6628 1.0712, -1.4744 0.806 0.0508, -1.6713 0.806 0.0508, -1.6713 0.8096 0.0373, -1.4744 0.8096 0.0373, -1.6713 0.8163 0.0249, -1.4744 0.8163 0.0249, -1.6713 0.8257 0.0145, -1.4744 0.8257 0.0145, -1.6713 0.8373 0.0066, -1.4744 0.8373 0.0066, -1.6713 0.8505 0.0017, -1.4744 0.8505 0.0017, -1.6713 0.8644 0.0, -1.4744 0.8644 0.0, -1.4744 1.5354 0.0, -1.6713 1.5354 0.0, -1.6516 1.6929 0.0197, -1.6516 1.6929 0.1772, -1.4941 1.6929 0.0197, -1.4941 1.6929 0.1772, -1.6713 1.5354 0.1969, -1.6713 1.0356 0.1969, -1.4744 1.5354 0.1969, -1.4744 1.0356 0.1969, -1.4744 1.0216 0.1985, -1.6713 1.0216 0.1985, -1.4744 1.0085 0.2034, -1.6713 1.0085 0.2034, -1.4744 0.9968 0.2113, -1.6713 0.9968 0.2113, -1.4744 0.9874 0.2218, -1.6713 0.9874 0.2218, -1.4744 0.9807 0.2341, -1.6713 0.9807 0.2341, -1.4744 0.9771 0.2477, -1.6713 0.9771 0.2477, -1.4744 0.8339 1.2681, -1.6713 0.8339 1.2681, -1.6713 0.8303 1.2816, -1.4744 0.8303 1.2816, -1.6713 0.8236 1.294, -1.4744 0.8236 1.294, -1.6713 0.8142 1.3044, -1.4744 0.8142 1.3044, -1.6713 0.8025 1.3123, -1.4744 0.8025 1.3123, -1.6713 0.7894 1.3172, -1.4744 0.7894 1.3172, -1.6713 0.7754 1.3189, -1.4744 0.7754 1.3189, -1.4744 -1.1417 1.3189, -1.6713 -1.1417 1.3189, -1.6516 -1.2992 1.2992, -1.6516 -1.2992 1.1417, -1.4941 -1.2992 1.2992, -1.4941 -1.2992 1.1417, -1.6713 -1.1417 1.122, -1.4744 -1.1417 1.122, -0.687 0.6043 1.122, -0.8839 0.6043 1.122, -0.687 0.6182 1.1204, -0.8839 0.6182 1.1204, -0.687 0.6314 1.1155, -0.8839 0.6314 1.1155, -0.687 0.643 1.1076, -0.8839 0.643 1.1076, -0.687 0.6525 1.0971, -0.8839 0.6525 1.0971, -0.687 0.6592 1.0848, -0.8839 0.6592 1.0848, -0.687 0.6628 1.0712, -0.8839 0.6628 1.0712, -0.687 0.806 0.0508, -0.8839 0.806 0.0508, -0.8839 0.8096 0.0373, -0.687 0.8096 0.0373, -0.8839 0.8163 0.0249, -0.687 0.8163 0.0249, -0.8839 0.8257 0.0145, -0.687 0.8257 0.0145, -0.8839 0.8373 0.0066, -0.687 0.8373 0.0066, -0.8839 0.8505 0.0017, -0.687 0.8505 0.0017, -0.8839 0.8644 0.0, -0.687 0.8644 0.0, -0.687 1.5354 0.0, -0.8839 1.5354 0.0, -0.8642 1.6929 0.0197, -0.8642 1.6929 0.1772, -0.7067 1.6929 0.0197, -0.7067 1.6929 0.1772, -0.8839 1.5354 0.1969, -0.8839 1.0356 0.1969, -0.687 1.5354 0.1969, -0.687 1.0356 0.1969, -0.687 1.0216 0.1985, -0.8839 1.0216 0.1985, -0.687 1.0085 0.2034, -0.8839 1.0085 0.2034, -0.687 0.9968 0.2113, -0.8839 0.9968 0.2113, -0.687 0.9874 0.2218, -0.8839 0.9874 0.2218, -0.687 0.9807 0.2341, -0.8839 0.9807 0.2341, -0.687 0.9771 0.2477, -0.8839 0.9771 0.2477, -0.687 0.8339 1.2681, -0.8839 0.8339 1.2681, -0.8839 0.8303 1.2816, -0.687 0.8303 1.2816, -0.8839 0.8236 1.294, -0.687 0.8236 1.294, -0.8839 0.8142 1.3044, -0.687 0.8142 1.3044, -0.8839 0.8025 1.3123, -0.687 0.8025 1.3123, -0.8839 0.7894 1.3172, -0.687 0.7894 1.3172, -0.8839 0.7754 1.3189, -0.687 0.7754 1.3189, -0.687 -1.1417 1.3189, -0.8839 -1.1417 1.3189, -0.8642 -1.2992 1.2992, -0.8642 -1.2992 1.1417, -0.7067 -1.2992 1.2992, -0.7067 -1.2992 1.1417, -0.8839 -1.1417 1.122, -0.687 -1.1417 1.122, -4.0531 -0.5425 0.9688, -4.0531 -1.6663 0.9688, -3.8957 -0.5425 0.9688, -3.8957 -1.6663 0.9688, -4.0531 -1.6663 0.6693, -3.8957 -1.6663 0.6693, -4.0531 -1.6929 0.6108, -3.8957 -1.6929 0.6108, -4.0531 -1.6929 0.0, -3.8957 -1.6929 0.0, -4.0531 -1.4173 0.0, -3.8957 -1.4173 0.0, -4.0531 -1.3639 0.0, -3.8957 -1.3639 0.0, -4.0531 -1.3649 0.0069, -3.8957 -1.3649 0.0069, -4.0531 -1.3675 0.0133, -3.8957 -1.3675 0.0133, -4.0531 -1.3718 0.0189, -3.8957 -1.3718 0.0189, -4.0531 -1.3773 0.0231, -3.8957 -1.3773 0.0231, -4.0531 -1.3837 0.0258, -3.8957 -1.3837 0.0258, -4.0531 -1.3906 0.0267, -3.8957 -1.3906 0.0267, -4.0531 -1.3975 0.0258, -3.8957 -1.3975 0.0258, -4.0531 -1.404 0.0231, -3.8957 -1.404 0.0231, -4.0531 -1.4095 0.0189, -3.8957 -1.4095 0.0189, -4.0531 -1.4137 0.0133, -3.8957 -1.4137 0.0133, -4.0531 -1.4164 0.0069, -3.8957 -1.4164 0.0069, -4.0531 -0.6202 0.0, -3.8957 -0.6202 0.0, -4.0531 -0.6202 0.1232, -3.8957 -0.6202 0.1232, -4.0531 -0.5425 0.1232, -3.8957 -0.5425 0.1232, 0.1004 0.6043 1.122, -0.0965 0.6043 1.122, 0.1004 0.6182 1.1204, -0.0965 0.6182 1.1204, 0.1004 0.6314 1.1155, -0.0965 0.6314 1.1155, 0.1004 0.643 1.1076, -0.0965 0.643 1.1076, 0.1004 0.6525 1.0971, -0.0965 0.6525 1.0971, 0.1004 0.6592 1.0848, -0.0965 0.6592 1.0848, 0.1004 0.6628 1.0712, -0.0965 0.6628 1.0712, 0.1004 0.806 0.0508, -0.0965 0.806 0.0508, -0.0965 0.8096 0.0373, 0.1004 0.8096 0.0373, -0.0965 0.8163 0.0249, 0.1004 0.8163 0.0249, -0.0965 0.8257 0.0145, 0.1004 0.8257 0.0145, -0.0965 0.8373 0.0066, 0.1004 0.8373 0.0066, -0.0965 0.8505 0.0017, 0.1004 0.8505 0.0017, -0.0965 0.8644 0.0, 0.1004 0.8644 0.0, 0.1004 1.5354 0.0, -0.0965 1.5354 0.0, -0.0768 1.6929 0.0197, -0.0768 1.6929 0.1772, 0.0807 1.6929 0.0197, 0.0807 1.6929 0.1772, -0.0965 1.5354 0.1969, -0.0965 1.0356 0.1969, 0.1004 1.5354 0.1969, 0.1004 1.0356 0.1969, 0.1004 1.0216 0.1985, -0.0965 1.0216 0.1985, 0.1004 1.0085 0.2034, -0.0965 1.0085 0.2034, 0.1004 0.9968 0.2113, -0.0965 0.9968 0.2113, 0.1004 0.9874 0.2218, -0.0965 0.9874 0.2218, 0.1004 0.9807 0.2341, -0.0965 0.9807 0.2341, 0.1004 0.9771 0.2477, -0.0965 0.9771 0.2477, 0.1004 0.8339 1.2681, -0.0965 0.8339 1.2681, -0.0965 0.8303 1.2816, 0.1004 0.8303 1.2816, -0.0965 0.8236 1.294, 0.1004 0.8236 1.294, -0.0965 0.8142 1.3044, 0.1004 0.8142 1.3044, -0.0965 0.8025 1.3123, 0.1004 0.8025 1.3123, -0.0965 0.7894 1.3172, 0.1004 0.7894 1.3172, -0.0965 0.7754 1.3189, 0.1004 0.7754 1.3189, 0.1004 -1.1417 1.3189, -0.0965 -1.1417 1.3189, -0.0768 -1.2992 1.2992, -0.0768 -1.2992 1.1417, 0.0807 -1.2992 1.2992, 0.0807 -1.2992 1.1417, -0.0965 -1.1417 1.122, 0.1004 -1.1417 1.122, 0.8878 0.6043 1.122, 0.6909 0.6043 1.122, 0.8878 0.6182 1.1204, 0.6909 0.6182 1.1204, 0.8878 0.6314 1.1155, 0.6909 0.6314 1.1155, 0.8878 0.643 1.1076, 0.6909 0.643 1.1076, 0.8878 0.6525 1.0971, 0.6909 0.6525 1.0971, 0.8878 0.6592 1.0848, 0.6909 0.6592 1.0848, 0.8878 0.6628 1.0712, 0.6909 0.6628 1.0712, 0.8878 0.806 0.0508, 0.6909 0.806 0.0508, 0.6909 0.8096 0.0373, 0.8878 0.8096 0.0373, 0.6909 0.8163 0.0249, 0.8878 0.8163 0.0249, 0.6909 0.8257 0.0145, 0.8878 0.8257 0.0145, 0.6909 0.8373 0.0066, 0.8878 0.8373 0.0066, 0.6909 0.8505 0.0017, 0.8878 0.8505 0.0017, 0.6909 0.8644 0.0, 0.8878 0.8644 0.0, 0.8878 1.5354 0.0, 0.6909 1.5354 0.0, 0.7106 1.6929 0.0197, 0.7106 1.6929 0.1772, 0.8681 1.6929 0.0197, 0.8681 1.6929 0.1772, 0.6909 1.5354 0.1969, 0.6909 1.0356 0.1969, 0.8878 1.5354 0.1969, 0.8878 1.0356 0.1969, 0.8878 1.0216 0.1985, 0.6909 1.0216 0.1985, 0.8878 1.0085 0.2034, 0.6909 1.0085 0.2034, 0.8878 0.9968 0.2113, 0.6909 0.9968 0.2113, 0.8878 0.9874 0.2218, 0.6909 0.9874 0.2218, 0.8878 0.9807 0.2341, 0.6909 0.9807 0.2341, 0.8878 0.9771 0.2477, 0.6909 0.9771 0.2477, 0.8878 0.8339 1.2681, 0.6909 0.8339 1.2681, 0.6909 0.8303 1.2816, 0.8878 0.8303 1.2816, 0.6909 0.8236 1.294, 0.8878 0.8236 1.294, 0.6909 0.8142 1.3044, 0.8878 0.8142 1.3044, 0.6909 0.8025 1.3123, 0.8878 0.8025 1.3123, 0.6909 0.7894 1.3172, 0.8878 0.7894 1.3172, 0.6909 0.7754 1.3189, 0.8878 0.7754 1.3189, 0.8878 -1.1417 1.3189, 0.6909 -1.1417 1.3189, 0.7106 -1.2992 1.2992, 0.7106 -1.2992 1.1417, 0.8681 -1.2992 1.2992, 0.8681 -1.2992 1.1417, 0.6909 -1.1417 1.122, 0.8878 -1.1417 1.122, 1.6752 0.6043 1.122, 1.4783 0.6043 1.122, 1.6752 0.6182 1.1204, 1.4783 0.6182 1.1204, 1.6752 0.6314 1.1155, 1.4783 0.6314 1.1155, 1.6752 0.643 1.1076, 1.4783 0.643 1.1076, 1.6752 0.6525 1.0971, 1.4783 0.6525 1.0971, 1.6752 0.6592 1.0848, 1.4783 0.6592 1.0848, 1.6752 0.6628 1.0712, 1.4783 0.6628 1.0712, 1.6752 0.806 0.0508, 1.4783 0.806 0.0508, 1.4783 0.8096 0.0373, 1.6752 0.8096 0.0373, 1.4783 0.8163 0.0249, 1.6752 0.8163 0.0249, 1.4783 0.8257 0.0145, 1.6752 0.8257 0.0145, 1.4783 0.8373 0.0066, 1.6752 0.8373 0.0066, 1.4783 0.8505 0.0017, 1.6752 0.8505 0.0017, 1.4783 0.8644 0.0, 1.6752 0.8644 0.0, 1.6752 1.5354 0.0, 1.4783 1.5354 0.0, 1.498 1.6929 0.0197, 1.498 1.6929 0.1772, 1.6555 1.6929 0.0197, 1.6555 1.6929 0.1772, 1.4783 1.5354 0.1969, 1.4783 1.0356 0.1969, 1.6752 1.5354 0.1969, 1.6752 1.0356 0.1969, 1.6752 1.0216 0.1985, 1.4783 1.0216 0.1985, 1.6752 1.0085 0.2034, 1.4783 1.0085 0.2034, 1.6752 0.9968 0.2113, 1.4783 0.9968 0.2113, 1.6752 0.9874 0.2218, 1.4783 0.9874 0.2218, 1.6752 0.9807 0.2341, 1.4783 0.9807 0.2341, 1.6752 0.9771 0.2477, 1.4783 0.9771 0.2477, 1.6752 0.8339 1.2681, 1.4783 0.8339 1.2681, 1.4783 0.8303 1.2816, 1.6752 0.8303 1.2816, 1.4783 0.8236 1.294, 1.6752 0.8236 1.294, 1.4783 0.8142 1.3044, 1.6752 0.8142 1.3044, 1.4783 0.8025 1.3123, 1.6752 0.8025 1.3123, 1.4783 0.7894 1.3172, 1.6752 0.7894 1.3172, 1.4783 0.7754 1.3189, 1.6752 0.7754 1.3189, 1.6752 -1.1417 1.3189, 1.4783 -1.1417 1.3189, 1.498 -1.2992 1.2992, 1.498 -1.2992 1.1417, 1.6555 -1.2992 1.2992, 1.6555 -1.2992 1.1417, 1.4783 -1.1417 1.122, 1.6752 -1.1417 1.122, 3.25 0.6043 1.122, 3.0531 0.6043 1.122, 3.25 0.6182 1.1204, 3.0531 0.6182 1.1204, 3.25 0.6314 1.1155, 3.0531 0.6314 1.1155, 3.25 0.643 1.1076, 3.0531 0.643 1.1076, 3.25 0.6525 1.0971, 3.0531 0.6525 1.0971, 3.25 0.6592 1.0848, 3.0531 0.6592 1.0848, 3.25 0.6628 1.0712, 3.0531 0.6628 1.0712, 3.25 0.806 0.0508, 3.0531 0.806 0.0508, 3.0531 0.8096 0.0373, 3.25 0.8096 0.0373, 3.0531 0.8163 0.0249, 3.25 0.8163 0.0249, 3.0531 0.8257 0.0145, 3.25 0.8257 0.0145, 3.0531 0.8373 0.0066, 3.25 0.8373 0.0066, 3.0531 0.8505 0.0017, 3.25 0.8505 0.0017, 3.0531 0.8644 0.0, 3.25 0.8644 0.0, 3.25 1.5354 0.0, 3.0531 1.5354 0.0, 3.0728 1.6929 0.0197, 3.0728 1.6929 0.1772, 3.2303 1.6929 0.0197, 3.2303 1.6929 0.1772, 3.0531 1.5354 0.1969, 3.0531 1.0356 0.1969, 3.25 1.5354 0.1969, 3.25 1.0356 0.1969, 3.25 1.0216 0.1985, 3.0531 1.0216 0.1985, 3.25 1.0085 0.2034, 3.0531 1.0085 0.2034, 3.25 0.9968 0.2113, 3.0531 0.9968 0.2113, 3.25 0.9874 0.2218, 3.0531 0.9874 0.2218, 3.25 0.9807 0.2341, 3.0531 0.9807 0.2341, 3.25 0.9771 0.2477, 3.0531 0.9771 0.2477, 3.25 0.8339 1.2681, 3.0531 0.8339 1.2681, 3.0531 0.8303 1.2816, 3.25 0.8303 1.2816, 3.0531 0.8236 1.294, 3.25 0.8236 1.294, 3.0531 0.8142 1.3044, 3.25 0.8142 1.3044, 3.0531 0.8025 1.3123, 3.25 0.8025 1.3123, 3.0531 0.7894 1.3172, 3.25 0.7894 1.3172, 3.0531 0.7754 1.3189, 3.25 0.7754 1.3189, 3.25 -1.1417 1.3189, 3.0531 -1.1417 1.3189, 3.0728 -1.2992 1.2992, 3.0728 -1.2992 1.1417, 3.2303 -1.2992 1.2992, 3.2303 -1.2992 1.1417, 3.0531 -1.1417 1.122, 3.25 -1.1417 1.122
            ]
        }
        coordIndex [
            0,1,2,-1,2,1,3,-1,2,3,4,-1,4,3,5,-1,4,5,6,-1,6,5,7,-1,6,7,8,-1,8,7,9,-1,8,9,10,-1,10,9,11,-1,10,11,12,-1,12,11,13,-1,14,12,15,-1,15,12,13,-1,14,15,16,-1,14,16,17,-1,17,16,18,-1,17,18,19,-1,19,18,20,-1,19,20,21,-1,21,20,22,-1,21,22,23,-1,23,22,24,-1,23,24,25,-1,25,24,26,-1,25,26,27,-1,28,27,29,-1,29,27,26,-1,30,31,32,-1,32,31,33,-1,34,35,36,-1,36,35,37,-1,37,35,38,-1,38,35,39,-1,38,39,40,-1,40,39,41,-1,40,41,42,-1,42,41,43,-1,42,43,44,-1,44,43,45,-1,44,45,46,-1,46,45,47,-1,46,47,48,-1,48,47,49,-1,50,48,51,-1,51,48,49,-1,50,51,52,-1,50,52,53,-1,53,52,54,-1,53,54,55,-1,55,54,56,-1,55,56,57,-1,57,56,58,-1,57,58,59,-1,59,58,60,-1,59,60,61,-1,61,60,62,-1,61,62,63,-1,64,63,65,-1,65,63,62,-1,66,67,68,-1,68,67,69,-1,70,1,71,-1,71,1,0,-1,64,71,63,-1,63,71,0,-1,28,36,27,-1,27,36,37,-1,42,44,14,-1,0,2,63,-1,63,2,4,-1,63,4,61,-1,61,4,6,-1,61,6,59,-1,8,50,6,-1,6,50,53,-1,53,55,6,-1,6,55,57,-1,6,57,59,-1,14,17,42,-1,42,17,19,-1,42,19,21,-1,44,46,14,-1,14,46,48,-1,14,48,12,-1,12,48,50,-1,12,50,10,-1,10,50,8,-1,37,38,27,-1,27,38,40,-1,27,40,25,-1,25,40,42,-1,25,42,23,-1,23,42,21,-1,58,56,7,-1,22,20,43,-1,34,29,35,-1,35,29,26,-1,35,26,39,-1,39,26,41,-1,58,7,60,-1,60,7,5,-1,60,5,62,-1,70,65,1,-1,1,65,62,-1,1,62,3,-1,3,62,5,-1,13,51,15,-1,15,51,49,-1,49,47,15,-1,15,47,45,-1,15,45,16,-1,16,45,43,-1,16,43,18,-1,18,43,20,-1,13,11,51,-1,51,11,9,-1,51,9,52,-1,52,9,7,-1,52,7,54,-1,54,7,56,-1,41,26,43,-1,43,26,24,-1,43,24,22,-1,36,33,34,-1,34,33,31,-1,28,32,36,-1,36,32,33,-1,30,29,31,-1,31,29,34,-1,29,30,28,-1,28,30,32,-1,71,69,70,-1,70,69,67,-1,64,68,71,-1,71,68,69,-1,66,65,67,-1,67,65,70,-1,65,66,64,-1,64,66,68,-1,72,73,74,-1,74,73,75,-1,76,72,77,-1,77,72,74,-1,78,76,79,-1,79,76,77,-1,80,78,81,-1,81,78,79,-1,82,80,83,-1,83,80,81,-1,82,83,84,-1,84,83,85,-1,84,85,86,-1,86,85,87,-1,86,87,88,-1,88,87,89,-1,88,89,90,-1,90,89,91,-1,90,91,92,-1,92,91,93,-1,92,93,94,-1,94,93,95,-1,94,95,96,-1,96,95,97,-1,96,97,98,-1,98,97,99,-1,98,99,100,-1,100,99,101,-1,100,101,102,-1,102,101,103,-1,102,103,104,-1,104,103,105,-1,104,105,106,-1,106,105,107,-1,108,106,109,-1,109,106,107,-1,110,108,111,-1,111,108,109,-1,112,110,113,-1,113,110,111,-1,73,112,75,-1,75,112,113,-1,112,73,110,-1,110,73,72,-1,110,72,76,-1,82,84,80,-1,80,84,86,-1,80,86,78,-1,106,108,104,-1,104,108,110,-1,104,110,102,-1,102,110,100,-1,86,88,78,-1,78,88,90,-1,78,90,76,-1,76,90,92,-1,92,94,76,-1,76,94,96,-1,76,96,110,-1,110,96,98,-1,110,98,100,-1,75,113,74,-1,74,113,111,-1,74,111,77,-1,85,83,81,-1,85,81,87,-1,109,107,111,-1,111,107,105,-1,111,105,103,-1,87,81,89,-1,89,81,79,-1,89,79,91,-1,91,79,93,-1,93,79,77,-1,93,77,95,-1,103,101,111,-1,111,101,99,-1,111,99,77,-1,77,99,97,-1,77,97,95,-1,114,115,116,-1,116,115,117,-1,116,117,118,-1,118,117,119,-1,118,119,120,-1,120,119,121,-1,120,121,122,-1,122,121,123,-1,122,123,124,-1,124,123,125,-1,124,125,126,-1,126,125,127,-1,128,126,129,-1,129,126,127,-1,128,129,130,-1,128,130,131,-1,131,130,132,-1,131,132,133,-1,133,132,134,-1,133,134,135,-1,135,134,136,-1,135,136,137,-1,137,136,138,-1,137,138,139,-1,139,138,140,-1,139,140,141,-1,142,141,143,-1,143,141,140,-1,144,145,146,-1,146,145,147,-1,148,149,150,-1,150,149,151,-1,151,149,152,-1,152,149,153,-1,152,153,154,-1,154,153,155,-1,154,155,156,-1,156,155,157,-1,156,157,158,-1,158,157,159,-1,158,159,160,-1,160,159,161,-1,160,161,162,-1,162,161,163,-1,164,162,165,-1,165,162,163,-1,164,165,166,-1,164,166,167,-1,167,166,168,-1,167,168,169,-1,169,168,170,-1,169,170,171,-1,171,170,172,-1,171,172,173,-1,173,172,174,-1,173,174,175,-1,175,174,176,-1,175,176,177,-1,178,177,179,-1,179,177,176,-1,180,181,182,-1,182,181,183,-1,184,115,185,-1,185,115,114,-1,178,185,177,-1,177,185,114,-1,142,150,141,-1,141,150,151,-1,156,158,128,-1,114,116,177,-1,177,116,118,-1,177,118,175,-1,175,118,120,-1,175,120,173,-1,122,164,120,-1,120,164,167,-1,167,169,120,-1,120,169,171,-1,120,171,173,-1,128,131,156,-1,156,131,133,-1,156,133,135,-1,122,124,164,-1,164,124,126,-1,164,126,162,-1,162,126,128,-1,162,128,160,-1,160,128,158,-1,151,152,141,-1,141,152,154,-1,141,154,139,-1,139,154,156,-1,139,156,137,-1,137,156,135,-1,172,170,121,-1,136,134,157,-1,148,143,149,-1,149,143,140,-1,149,140,153,-1,153,140,155,-1,172,121,174,-1,174,121,119,-1,174,119,176,-1,184,179,115,-1,115,179,176,-1,115,176,117,-1,117,176,119,-1,127,165,129,-1,129,165,163,-1,163,161,129,-1,129,161,159,-1,129,159,130,-1,130,159,157,-1,130,157,132,-1,132,157,134,-1,127,125,165,-1,165,125,123,-1,165,123,166,-1,166,123,121,-1,166,121,168,-1,168,121,170,-1,155,140,157,-1,157,140,138,-1,157,138,136,-1,150,147,148,-1,148,147,145,-1,142,146,150,-1,150,146,147,-1,144,143,145,-1,145,143,148,-1,143,144,142,-1,142,144,146,-1,185,183,184,-1,184,183,181,-1,178,182,185,-1,185,182,183,-1,180,179,181,-1,181,179,184,-1,179,180,178,-1,178,180,182,-1,186,187,188,-1,188,187,189,-1,188,189,190,-1,190,189,191,-1,190,191,192,-1,192,191,193,-1,192,193,194,-1,194,193,195,-1,194,195,196,-1,196,195,197,-1,196,197,198,-1,198,197,199,-1,200,198,201,-1,201,198,199,-1,200,201,202,-1,200,202,203,-1,203,202,204,-1,203,204,205,-1,205,204,206,-1,205,206,207,-1,207,206,208,-1,207,208,209,-1,209,208,210,-1,209,210,211,-1,211,210,212,-1,211,212,213,-1,214,213,215,-1,215,213,212,-1,216,217,218,-1,218,217,219,-1,220,221,222,-1,222,221,223,-1,223,221,224,-1,224,221,225,-1,224,225,226,-1,226,225,227,-1,226,227,228,-1,228,227,229,-1,228,229,230,-1,230,229,231,-1,230,231,232,-1,232,231,233,-1,232,233,234,-1,234,233,235,-1,236,234,237,-1,237,234,235,-1,236,237,238,-1,236,238,239,-1,239,238,240,-1,239,240,241,-1,241,240,242,-1,241,242,243,-1,243,242,244,-1,243,244,245,-1,245,244,246,-1,245,246,247,-1,247,246,248,-1,247,248,249,-1,250,249,251,-1,251,249,248,-1,252,253,254,-1,254,253,255,-1,256,187,257,-1,257,187,186,-1,250,257,249,-1,249,257,186,-1,214,222,213,-1,213,222,223,-1,228,230,200,-1,186,188,249,-1,249,188,190,-1,249,190,247,-1,247,190,192,-1,247,192,245,-1,194,236,192,-1,192,236,239,-1,239,241,192,-1,192,241,243,-1,192,243,245,-1,200,203,228,-1,228,203,205,-1,228,205,207,-1,194,196,236,-1,236,196,198,-1,236,198,234,-1,234,198,200,-1,234,200,232,-1,232,200,230,-1,223,224,213,-1,213,224,226,-1,213,226,211,-1,211,226,228,-1,211,228,209,-1,209,228,207,-1,244,242,193,-1,220,215,221,-1,221,215,212,-1,221,212,225,-1,225,212,227,-1,208,206,229,-1,244,193,246,-1,246,193,191,-1,246,191,248,-1,256,251,187,-1,187,251,248,-1,187,248,189,-1,189,248,191,-1,206,204,229,-1,229,204,202,-1,229,202,231,-1,231,202,201,-1,231,201,233,-1,199,197,237,-1,237,197,195,-1,237,195,238,-1,238,195,193,-1,238,193,240,-1,240,193,242,-1,199,237,201,-1,201,237,235,-1,201,235,233,-1,227,212,229,-1,229,212,210,-1,229,210,208,-1,222,219,220,-1,220,219,217,-1,214,218,222,-1,222,218,219,-1,216,215,217,-1,217,215,220,-1,215,216,214,-1,214,216,218,-1,257,255,256,-1,256,255,253,-1,250,254,257,-1,257,254,255,-1,252,251,253,-1,253,251,256,-1,251,252,250,-1,250,252,254,-1,258,259,260,-1,260,259,261,-1,260,261,262,-1,262,261,263,-1,262,263,264,-1,264,263,265,-1,264,265,266,-1,266,265,267,-1,266,267,268,-1,268,267,269,-1,268,269,270,-1,270,269,271,-1,272,270,273,-1,273,270,271,-1,272,273,274,-1,272,274,275,-1,275,274,276,-1,275,276,277,-1,277,276,278,-1,277,278,279,-1,279,278,280,-1,279,280,281,-1,281,280,282,-1,281,282,283,-1,283,282,284,-1,283,284,285,-1,286,285,287,-1,287,285,284,-1,288,289,290,-1,290,289,291,-1,292,293,294,-1,294,293,295,-1,295,293,296,-1,296,293,297,-1,296,297,298,-1,298,297,299,-1,298,299,300,-1,300,299,301,-1,300,301,302,-1,302,301,303,-1,302,303,304,-1,304,303,305,-1,304,305,306,-1,306,305,307,-1,308,306,309,-1,309,306,307,-1,308,309,310,-1,308,310,311,-1,311,310,312,-1,311,312,313,-1,313,312,314,-1,313,314,315,-1,315,314,316,-1,315,316,317,-1,317,316,318,-1,317,318,319,-1,319,318,320,-1,319,320,321,-1,322,321,323,-1,323,321,320,-1,324,325,326,-1,326,325,327,-1,328,259,329,-1,329,259,258,-1,322,329,321,-1,321,329,258,-1,286,294,285,-1,285,294,295,-1,300,302,272,-1,258,260,321,-1,321,260,262,-1,321,262,319,-1,319,262,264,-1,319,264,317,-1,266,308,264,-1,264,308,311,-1,311,313,264,-1,264,313,315,-1,264,315,317,-1,272,275,300,-1,300,275,277,-1,300,277,279,-1,302,304,272,-1,272,304,306,-1,272,306,270,-1,270,306,308,-1,270,308,268,-1,268,308,266,-1,295,296,285,-1,285,296,298,-1,285,298,283,-1,283,298,300,-1,283,300,281,-1,281,300,279,-1,316,314,265,-1,292,287,293,-1,293,287,284,-1,293,284,297,-1,297,284,299,-1,280,278,301,-1,316,265,318,-1,318,265,263,-1,318,263,320,-1,328,323,259,-1,259,323,320,-1,259,320,261,-1,261,320,263,-1,278,276,301,-1,301,276,274,-1,301,274,303,-1,303,274,273,-1,303,273,305,-1,271,269,309,-1,309,269,267,-1,309,267,310,-1,310,267,265,-1,310,265,312,-1,312,265,314,-1,271,309,273,-1,273,309,307,-1,273,307,305,-1,299,284,301,-1,301,284,282,-1,301,282,280,-1,294,291,292,-1,292,291,289,-1,286,290,294,-1,294,290,291,-1,288,287,289,-1,289,287,292,-1,287,288,286,-1,286,288,290,-1,329,327,328,-1,328,327,325,-1,322,326,329,-1,329,326,327,-1,324,323,325,-1,325,323,328,-1,323,324,322,-1,322,324,326,-1,330,331,332,-1,332,331,333,-1,332,333,334,-1,334,333,335,-1,334,335,336,-1,336,335,337,-1,336,337,338,-1,338,337,339,-1,338,339,340,-1,340,339,341,-1,340,341,342,-1,342,341,343,-1,344,342,345,-1,345,342,343,-1,344,345,346,-1,344,346,347,-1,347,346,348,-1,347,348,349,-1,349,348,350,-1,349,350,351,-1,351,350,352,-1,351,352,353,-1,353,352,354,-1,353,354,355,-1,355,354,356,-1,355,356,357,-1,358,357,359,-1,359,357,356,-1,360,361,362,-1,362,361,363,-1,364,365,366,-1,366,365,367,-1,367,365,368,-1,368,365,369,-1,368,369,370,-1,370,369,371,-1,370,371,372,-1,372,371,373,-1,372,373,374,-1,374,373,375,-1,374,375,376,-1,376,375,377,-1,376,377,378,-1,378,377,379,-1,380,378,381,-1,381,378,379,-1,380,381,382,-1,380,382,383,-1,383,382,384,-1,383,384,385,-1,385,384,386,-1,385,386,387,-1,387,386,388,-1,387,388,389,-1,389,388,390,-1,389,390,391,-1,391,390,392,-1,391,392,393,-1,394,393,395,-1,395,393,392,-1,396,397,398,-1,398,397,399,-1,400,331,401,-1,401,331,330,-1,394,401,393,-1,393,401,330,-1,358,366,357,-1,357,366,367,-1,372,374,344,-1,330,332,393,-1,393,332,334,-1,393,334,391,-1,391,334,336,-1,391,336,389,-1,338,380,336,-1,336,380,383,-1,383,385,336,-1,336,385,387,-1,336,387,389,-1,344,347,372,-1,372,347,349,-1,372,349,351,-1,338,340,380,-1,380,340,342,-1,380,342,378,-1,378,342,344,-1,378,344,376,-1,376,344,374,-1,367,368,357,-1,357,368,370,-1,357,370,355,-1,355,370,372,-1,355,372,353,-1,353,372,351,-1,388,386,337,-1,364,359,365,-1,365,359,356,-1,365,356,369,-1,369,356,371,-1,352,350,373,-1,388,337,390,-1,390,337,335,-1,390,335,392,-1,400,395,331,-1,331,395,392,-1,331,392,333,-1,333,392,335,-1,350,348,373,-1,373,348,346,-1,373,346,375,-1,375,346,345,-1,375,345,377,-1,343,341,381,-1,381,341,339,-1,381,339,382,-1,382,339,337,-1,382,337,384,-1,384,337,386,-1,343,381,345,-1,345,381,379,-1,345,379,377,-1,371,356,373,-1,373,356,354,-1,373,354,352,-1,366,363,364,-1,364,363,361,-1,358,362,366,-1,366,362,363,-1,360,359,361,-1,361,359,364,-1,359,360,358,-1,358,360,362,-1,401,399,400,-1,400,399,397,-1,394,398,401,-1,401,398,399,-1,396,395,397,-1,397,395,400,-1,395,396,394,-1,394,396,398,-1,402,403,404,-1,404,403,405,-1,403,406,405,-1,405,406,407,-1,406,408,407,-1,407,408,409,-1,408,410,409,-1,409,410,411,-1,410,412,411,-1,411,412,413,-1,414,415,416,-1,416,415,417,-1,416,417,418,-1,418,417,419,-1,418,419,420,-1,420,419,421,-1,420,421,422,-1,422,421,423,-1,422,423,424,-1,424,423,425,-1,424,425,426,-1,426,425,427,-1,426,427,428,-1,428,427,429,-1,428,429,430,-1,430,429,431,-1,430,431,432,-1,432,431,433,-1,432,433,434,-1,434,433,435,-1,434,435,436,-1,436,435,437,-1,436,437,412,-1,412,437,413,-1,414,438,415,-1,415,438,439,-1,438,440,439,-1,439,440,441,-1,440,442,441,-1,441,442,443,-1,442,402,443,-1,443,402,404,-1,402,442,403,-1,403,442,440,-1,403,440,406,-1,438,414,440,-1,440,414,416,-1,440,416,418,-1,412,410,436,-1,436,410,434,-1,434,410,432,-1,432,410,408,-1,432,408,430,-1,430,408,428,-1,428,408,406,-1,428,406,426,-1,418,420,440,-1,440,420,422,-1,440,422,406,-1,406,422,424,-1,406,424,426,-1,443,404,441,-1,441,404,405,-1,441,405,407,-1,415,439,417,-1,417,439,441,-1,417,441,419,-1,419,441,421,-1,413,437,411,-1,411,437,435,-1,411,435,409,-1,435,433,409,-1,409,433,431,-1,409,431,407,-1,407,431,429,-1,429,427,407,-1,407,427,425,-1,407,425,441,-1,441,425,423,-1,441,423,421,-1,444,445,446,-1,446,445,447,-1,446,447,448,-1,448,447,449,-1,448,449,450,-1,450,449,451,-1,450,451,452,-1,452,451,453,-1,452,453,454,-1,454,453,455,-1,454,455,456,-1,456,455,457,-1,458,456,459,-1,459,456,457,-1,458,459,460,-1,458,460,461,-1,461,460,462,-1,461,462,463,-1,463,462,464,-1,463,464,465,-1,465,464,466,-1,465,466,467,-1,467,466,468,-1,467,468,469,-1,469,468,470,-1,469,470,471,-1,472,471,473,-1,473,471,470,-1,474,475,476,-1,476,475,477,-1,478,479,480,-1,480,479,481,-1,481,479,482,-1,482,479,483,-1,482,483,484,-1,484,483,485,-1,484,485,486,-1,486,485,487,-1,486,487,488,-1,488,487,489,-1,488,489,490,-1,490,489,491,-1,490,491,492,-1,492,491,493,-1,494,492,495,-1,495,492,493,-1,494,495,496,-1,494,496,497,-1,497,496,498,-1,497,498,499,-1,499,498,500,-1,499,500,501,-1,501,500,502,-1,501,502,503,-1,503,502,504,-1,503,504,505,-1,505,504,506,-1,505,506,507,-1,508,507,509,-1,509,507,506,-1,510,511,512,-1,512,511,513,-1,514,445,515,-1,515,445,444,-1,508,515,507,-1,507,515,444,-1,472,480,471,-1,471,480,481,-1,486,488,458,-1,444,446,507,-1,507,446,448,-1,507,448,505,-1,505,448,450,-1,505,450,503,-1,452,494,450,-1,450,494,497,-1,497,499,450,-1,450,499,501,-1,450,501,503,-1,458,461,486,-1,486,461,463,-1,486,463,465,-1,452,454,494,-1,494,454,456,-1,494,456,492,-1,492,456,458,-1,492,458,490,-1,490,458,488,-1,481,482,471,-1,471,482,484,-1,471,484,469,-1,469,484,486,-1,469,486,467,-1,467,486,465,-1,502,500,451,-1,478,473,479,-1,479,473,470,-1,479,470,483,-1,483,470,485,-1,466,464,487,-1,502,451,504,-1,504,451,449,-1,504,449,506,-1,514,509,445,-1,445,509,506,-1,445,506,447,-1,447,506,449,-1,500,498,451,-1,451,498,496,-1,451,496,453,-1,453,496,495,-1,453,495,455,-1,493,459,495,-1,495,459,457,-1,495,457,455,-1,493,491,459,-1,459,491,489,-1,459,489,460,-1,460,489,487,-1,460,487,462,-1,462,487,464,-1,485,470,487,-1,487,470,468,-1,487,468,466,-1,480,477,478,-1,478,477,475,-1,472,476,480,-1,480,476,477,-1,474,473,475,-1,475,473,478,-1,473,474,472,-1,472,474,476,-1,515,513,514,-1,514,513,511,-1,508,512,515,-1,515,512,513,-1,510,509,511,-1,511,509,514,-1,509,510,508,-1,508,510,512,-1,516,517,518,-1,518,517,519,-1,518,519,520,-1,520,519,521,-1,520,521,522,-1,522,521,523,-1,522,523,524,-1,524,523,525,-1,524,525,526,-1,526,525,527,-1,526,527,528,-1,528,527,529,-1,530,528,531,-1,531,528,529,-1,530,531,532,-1,530,532,533,-1,533,532,534,-1,533,534,535,-1,535,534,536,-1,535,536,537,-1,537,536,538,-1,537,538,539,-1,539,538,540,-1,539,540,541,-1,541,540,542,-1,541,542,543,-1,544,543,545,-1,545,543,542,-1,546,547,548,-1,548,547,549,-1,550,551,552,-1,552,551,553,-1,553,551,554,-1,554,551,555,-1,554,555,556,-1,556,555,557,-1,556,557,558,-1,558,557,559,-1,558,559,560,-1,560,559,561,-1,560,561,562,-1,562,561,563,-1,562,563,564,-1,564,563,565,-1,566,564,567,-1,567,564,565,-1,566,567,568,-1,566,568,569,-1,569,568,570,-1,569,570,571,-1,571,570,572,-1,571,572,573,-1,573,572,574,-1,573,574,575,-1,575,574,576,-1,575,576,577,-1,577,576,578,-1,577,578,579,-1,580,579,581,-1,581,579,578,-1,582,583,584,-1,584,583,585,-1,586,517,587,-1,587,517,516,-1,580,587,579,-1,579,587,516,-1,544,552,543,-1,543,552,553,-1,558,560,530,-1,516,518,579,-1,579,518,520,-1,579,520,577,-1,577,520,522,-1,577,522,575,-1,524,566,522,-1,522,566,569,-1,569,571,522,-1,522,571,573,-1,522,573,575,-1,530,533,558,-1,558,533,535,-1,558,535,537,-1,560,562,530,-1,530,562,564,-1,530,564,528,-1,528,564,566,-1,528,566,526,-1,526,566,524,-1,553,554,543,-1,543,554,556,-1,543,556,541,-1,541,556,558,-1,541,558,539,-1,539,558,537,-1,574,572,523,-1,538,536,559,-1,550,545,551,-1,551,545,542,-1,551,542,555,-1,555,542,557,-1,574,523,576,-1,576,523,521,-1,576,521,578,-1,586,581,517,-1,517,581,578,-1,517,578,519,-1,519,578,521,-1,529,567,531,-1,531,567,565,-1,529,527,567,-1,567,527,525,-1,567,525,568,-1,568,525,523,-1,568,523,570,-1,570,523,572,-1,565,563,531,-1,531,563,561,-1,531,561,532,-1,532,561,559,-1,532,559,534,-1,534,559,536,-1,557,542,559,-1,559,542,540,-1,559,540,538,-1,552,549,550,-1,550,549,547,-1,544,548,552,-1,552,548,549,-1,546,545,547,-1,547,545,550,-1,545,546,544,-1,544,546,548,-1,587,585,586,-1,586,585,583,-1,580,584,587,-1,587,584,585,-1,582,581,583,-1,583,581,586,-1,581,582,580,-1,580,582,584,-1,588,589,590,-1,590,589,591,-1,590,591,592,-1,592,591,593,-1,592,593,594,-1,594,593,595,-1,594,595,596,-1,596,595,597,-1,596,597,598,-1,598,597,599,-1,598,599,600,-1,600,599,601,-1,602,600,603,-1,603,600,601,-1,602,603,604,-1,602,604,605,-1,605,604,606,-1,605,606,607,-1,607,606,608,-1,607,608,609,-1,609,608,610,-1,609,610,611,-1,611,610,612,-1,611,612,613,-1,613,612,614,-1,613,614,615,-1,616,615,617,-1,617,615,614,-1,618,619,620,-1,620,619,621,-1,622,623,624,-1,624,623,625,-1,625,623,626,-1,626,623,627,-1,626,627,628,-1,628,627,629,-1,628,629,630,-1,630,629,631,-1,630,631,632,-1,632,631,633,-1,632,633,634,-1,634,633,635,-1,634,635,636,-1,636,635,637,-1,638,636,639,-1,639,636,637,-1,638,639,640,-1,638,640,641,-1,641,640,642,-1,641,642,643,-1,643,642,644,-1,643,644,645,-1,645,644,646,-1,645,646,647,-1,647,646,648,-1,647,648,649,-1,649,648,650,-1,649,650,651,-1,652,651,653,-1,653,651,650,-1,654,655,656,-1,656,655,657,-1,658,589,659,-1,659,589,588,-1,652,659,651,-1,651,659,588,-1,616,624,615,-1,615,624,625,-1,630,632,602,-1,588,590,651,-1,651,590,592,-1,651,592,649,-1,649,592,594,-1,649,594,647,-1,596,638,594,-1,594,638,641,-1,641,643,594,-1,594,643,645,-1,594,645,647,-1,602,605,630,-1,630,605,607,-1,630,607,609,-1,596,598,638,-1,638,598,600,-1,638,600,636,-1,636,600,602,-1,636,602,634,-1,634,602,632,-1,625,626,615,-1,615,626,628,-1,615,628,613,-1,613,628,630,-1,613,630,611,-1,611,630,609,-1,646,644,595,-1,610,608,631,-1,622,617,623,-1,623,617,614,-1,623,614,627,-1,627,614,629,-1,646,595,648,-1,648,595,593,-1,648,593,650,-1,658,653,589,-1,589,653,650,-1,589,650,591,-1,591,650,593,-1,601,639,603,-1,603,639,637,-1,637,635,603,-1,603,635,633,-1,603,633,604,-1,604,633,631,-1,604,631,606,-1,606,631,608,-1,601,599,639,-1,639,599,597,-1,639,597,640,-1,640,597,595,-1,640,595,642,-1,642,595,644,-1,629,614,631,-1,631,614,612,-1,631,612,610,-1,624,621,622,-1,622,621,619,-1,616,620,624,-1,624,620,621,-1,618,617,619,-1,619,617,622,-1,617,618,616,-1,616,618,620,-1,659,657,658,-1,658,657,655,-1,652,656,659,-1,659,656,657,-1,654,653,655,-1,655,653,658,-1,653,654,652,-1,652,654,656,-1,660,661,662,-1,662,661,663,-1,662,663,664,-1,664,663,665,-1,664,665,666,-1,666,665,667,-1,666,667,668,-1,668,667,669,-1,668,669,670,-1,670,669,671,-1,670,671,672,-1,672,671,673,-1,674,672,675,-1,675,672,673,-1,674,675,676,-1,674,676,677,-1,677,676,678,-1,677,678,679,-1,679,678,680,-1,679,680,681,-1,681,680,682,-1,681,682,683,-1,683,682,684,-1,683,684,685,-1,685,684,686,-1,685,686,687,-1,688,687,689,-1,689,687,686,-1,690,691,692,-1,692,691,693,-1,694,695,696,-1,696,695,697,-1,697,695,698,-1,698,695,699,-1,698,699,700,-1,700,699,701,-1,700,701,702,-1,702,701,703,-1,702,703,704,-1,704,703,705,-1,704,705,706,-1,706,705,707,-1,706,707,708,-1,708,707,709,-1,710,708,711,-1,711,708,709,-1,710,711,712,-1,710,712,713,-1,713,712,714,-1,713,714,715,-1,715,714,716,-1,715,716,717,-1,717,716,718,-1,717,718,719,-1,719,718,720,-1,719,720,721,-1,721,720,722,-1,721,722,723,-1,724,723,725,-1,725,723,722,-1,726,727,728,-1,728,727,729,-1,730,661,731,-1,731,661,660,-1,724,731,723,-1,723,731,660,-1,688,696,687,-1,687,696,697,-1,702,704,674,-1,660,662,723,-1,723,662,664,-1,723,664,721,-1,721,664,666,-1,721,666,719,-1,668,710,666,-1,666,710,713,-1,713,715,666,-1,666,715,717,-1,666,717,719,-1,674,677,702,-1,702,677,679,-1,702,679,681,-1,704,706,674,-1,674,706,708,-1,674,708,672,-1,672,708,710,-1,672,710,670,-1,670,710,668,-1,697,698,687,-1,687,698,700,-1,687,700,685,-1,685,700,702,-1,685,702,683,-1,683,702,681,-1,718,716,667,-1,694,689,695,-1,695,689,686,-1,695,686,699,-1,699,686,701,-1,682,680,703,-1,718,667,720,-1,720,667,665,-1,720,665,722,-1,730,725,661,-1,661,725,722,-1,661,722,663,-1,663,722,665,-1,680,678,703,-1,703,678,676,-1,703,676,705,-1,705,676,675,-1,705,675,707,-1,673,671,711,-1,711,671,669,-1,711,669,712,-1,712,669,667,-1,712,667,714,-1,714,667,716,-1,673,711,675,-1,675,711,709,-1,675,709,707,-1,701,686,703,-1,703,686,684,-1,703,684,682,-1,696,693,694,-1,694,693,691,-1,688,692,696,-1,696,692,693,-1,690,689,691,-1,691,689,694,-1,689,690,688,-1,688,690,692,-1,731,729,730,-1,730,729,727,-1,724,728,731,-1,731,728,729,-1,726,725,727,-1,727,725,730,-1,725,726,724,-1,724,726,728,-1,
        ]
    }
}
Shape{
    appearance Appearance {
        material  Material {
            diffuseColor 0.8431372549019608 0.8156862745098039 0.7529411764705882
            specularColor 0.4235294117647059 0.40784313725490196 0.3764705882352941
            ambientIntensity 0.8167
            transparency 0.0
            shininess 0.5
        }
    }
    geometry IndexedFaceSet {
        ccw TRUE
        solid FALSE
        coord DEF co Coordinate {
            point [
                -4.3287 0.5767 0.4103, -4.3287 0.5767 0.3157, -4.3287 0.5342 0.3157, -4.3287 0.4347 0.091, -4.3287 0.4347 0.0, -4.3287 0.3859 0.0, -4.3287 0.2374 0.1342, -4.3287 0.261 0.1342, -4.3287 0.261 0.1333, -4.3287 0.4083 0.1338, -4.3287 0.4124 0.1333, -4.3287 0.3859 0.1333, -4.3287 0.8115 0.4112, -4.3287 0.794 0.3995, -4.3287 0.6342 0.4112, -4.3287 0.7689 0.3704, -4.3287 0.684 0.2714, -4.3287 0.6342 0.2714, -4.3287 0.6907 0.2881, -4.3287 0.7062 0.3097, -4.3287 0.7268 0.3271, -4.3287 0.753 0.3395, -4.3287 0.7494 0.3383, -4.3287 0.866 0.4357, -4.3287 0.8279 0.4223, -4.3287 0.6342 1.3218, -4.3287 0.8973 0.439, -4.3287 0.8703 1.3218, -4.3287 0.9348 0.4343, -4.3287 1.2598 0.9843, -4.3287 0.9698 0.4208, -4.3287 1.2598 0.4112, -4.3287 1.0691 0.3738, -4.3287 1.0392 0.3775, -4.3287 1.162 0.2617, -4.3287 1.1603 0.2714, -4.3287 1.2598 0.2714, -4.3287 1.1569 0.2903, -4.3287 1.1448 0.3176, -4.3287 1.1265 0.341, -4.3287 0.9854 0.4112, -4.3287 0.9884 0.4094, -4.3287 1.0062 0.3941, -4.3287 1.0305 0.377, -4.3287 1.0218 0.376, -4.3287 1.1214 0.3459, -4.3287 1.0973 0.3629, -4.3287 1.0696 0.1353, -4.3287 1.0792 0.1382, -4.3287 1.2598 0.1333, -4.3287 1.1066 0.1516, -4.3287 1.1303 0.1718, -4.3287 1.1476 0.1965, -4.3287 1.1585 0.2247, -4.3287 1.1622 0.2545, -4.3287 1.0358 0.0939, -4.3287 1.0506 0.1051, -4.3287 1.2598 0.091, -4.3287 1.0619 0.119, -4.3287 1.0686 0.1333, -4.3287 0.5314 0.0, -4.3287 0.6342 0.091, -4.3287 0.6342 0.0, -4.3287 0.966 0.091, -4.3287 1.2598 0.0, -4.3287 1.0182 0.0866, -4.3287 1.0289 0.091, -4.3287 0.979 0.086, -4.3287 0.9975 0.0837, -4.3287 1.0003 0.0838, -4.3287 0.9264 0.1333, -4.3287 0.9265 0.1328, -4.3287 0.9355 0.1159, -4.3287 0.947 0.1031, -4.3287 0.9621 0.0925, -4.3287 0.8294 0.1781, -4.3287 0.8242 0.1801, -4.3287 0.8153 0.2234, -4.3287 0.9405 0.2105, -4.3287 0.8388 0.2636, -4.3287 0.9538 0.2226, -4.3287 0.97 0.2312, -4.3287 0.8341 0.1748, -4.3287 0.6909 0.189, -4.3287 0.706 0.168, -4.3287 0.6342 0.1333, -4.3287 0.7254 0.2463, -4.3287 0.729 0.2609, -4.3287 0.7348 0.2714, -4.3287 1.1125 0.2714, -4.3287 0.6814 0.2649, -4.3287 0.6779 0.2401, -4.3287 0.6814 0.2131, -4.3287 0.8183 0.1809, -4.3287 0.8176 0.1808, -4.3287 0.8153 0.1803, -4.3287 1.1079 0.2256, -4.3287 1.099 0.2104, -4.3287 1.0605 0.2025, -4.3287 1.0854 0.1964, -4.3287 1.0688 0.1862, -4.3287 1.0324 0.2276, -4.3287 1.0479 0.2168, -4.3287 1.1144 0.256, -4.3287 1.1134 0.2442, -4.3287 1.0157 0.234, -4.3287 0.9975 0.2363, -4.3287 0.9883 0.2358, -4.3287 0.7266 0.1505, -4.3287 0.7498 0.1392, -4.3287 0.7751 0.1338, -4.3287 0.8419 0.1574, -4.3287 0.8417 0.1603, -4.3287 0.9216 0.1672, -4.3287 0.8401 0.1661, -4.3287 0.8372 0.1713, -4.3287 0.8138 0.1801, -4.3287 0.7796 0.1801, -4.3287 0.7724 0.1811, -4.3287 0.8198 0.1338, -4.3287 0.8241 0.1345, -4.3287 0.8291 0.1365, -4.3287 0.8341 0.14, -4.3287 0.8358 0.1418, -4.3287 0.8391 0.1466, -4.3287 0.8411 0.1517, -4.3287 0.922 0.1516, -4.3287 0.9216 0.1596, -4.3287 0.739 0.2008, -4.3287 0.7311 0.2129, -4.3287 0.7263 0.2266, -4.3287 0.725 0.2393, -4.3287 0.7583 0.1858, -4.3287 0.746 0.1937, -4.3287 0.8067 0.3443, -4.3287 0.8239 0.3647, -4.3287 0.9982 0.3205, -4.3287 0.8256 0.3663, -4.3287 0.8469 0.3811, -4.3287 0.9866 0.3446, -4.3287 1.0034 0.3234, -4.3287 1.0204 0.3297, -4.3287 0.7716 0.2972, -4.3287 0.7842 0.2985, -4.3287 0.7902 0.2985, -4.3287 0.795 0.3199, -4.3287 0.7362 0.274, -4.3287 0.7462 0.2847, -4.3287 0.7582 0.2925, -4.3287 1.0653 0.327, -4.3287 1.0821 0.318, -4.3287 1.0465 0.3315, -4.3287 1.095 0.3065, -4.3287 1.1056 0.2914, -4.3287 0.9696 0.3649, -4.3287 0.8707 0.3902, -4.3287 0.9493 0.3797, -4.3287 0.8965 0.3934, -4.3287 0.9245 0.3898, -4.3287 1.0385 0.3319, -4.3287 1.1121 0.2745, -4.3287 0.2581 0.3036, -4.3287 0.2273 0.3843, -4.3287 0.2273 0.4112, -4.3287 0.2174 0.4103, -4.3287 0.2027 0.4103, -4.3287 0.1881 0.3328, -4.3287 0.2273 0.3328, -4.3287 0.1772 0.3036, -4.3287 0.2273 0.2714, -4.3287 0.162 0.3036, -4.3287 0.1273 0.2714, -4.3287 0.1273 0.4112, -4.3287 0.2326 0.3328, -4.3287 0.2428 0.3036, -4.3287 0.261 0.2714, -4.3287 0.261 0.4112, -4.3287 0.4147 0.3157, -4.3287 0.3859 0.3157, -4.3287 0.4147 0.3516, -4.3287 0.3859 0.3516, -4.3287 0.3735 0.398, -4.3287 0.361 0.4112, -4.3287 0.3735 0.4103, -4.3287 0.3859 0.4112, -4.3287 0.3859 0.4103, -4.3287 0.3765 0.3516, -4.3287 0.3711 0.3157, -4.3287 0.3765 0.3639, -4.3287 0.3859 0.398, -4.3287 0.3859 0.3639, -4.3287 0.4147 0.398, -4.3287 0.4147 0.3639, -4.3287 0.4285 0.3036, -4.3287 0.4347 0.2714, -4.3287 0.3859 0.3036, -4.3287 0.3859 0.2714, -4.3287 0.3711 0.3036, -4.3287 0.361 0.2714, -4.3287 0.4285 0.4103, -4.3287 0.4347 0.4112, -4.3287 0.4544 0.3062, -4.3287 0.4544 0.2714, -4.3287 0.4517 0.3071, -4.3287 0.4499 0.308, -4.3287 0.4499 0.3212, -4.3287 0.5139 0.3689, -4.3287 0.4544 0.3191, -4.3287 0.5106 0.3785, -4.3287 0.5056 0.3861, -4.3287 0.5153 0.3557, -4.3287 0.5153 0.3547, -4.3287 0.4601 0.3166, -4.3287 0.4721 0.3142, -4.3287 0.4626 0.3983, -4.3287 0.475 0.3997, -4.3287 0.4798 0.3995, -4.3287 0.489 0.3976, -4.3287 0.5137 0.3416, -4.3287 0.5103 0.3329, -4.3287 0.5049 0.3253, -4.3287 0.4499 0.3933, -4.3287 0.4517 0.3943, -4.3287 0.4544 0.3953, -4.3287 0.4973 0.3935, -4.3287 0.5041 0.3878, -4.3287 0.5029 0.3234, -4.3287 0.496 0.3184, -4.3287 0.4885 0.3154, -4.3287 0.4774 0.314, -4.3287 0.4642 0.4112, -4.3287 0.4604 0.4109, -4.3287 0.4544 0.4112, -4.3287 0.4544 0.4091, -4.3287 0.4499 0.4078, -4.3287 0.5001 0.4068, -4.3287 0.4886 0.4107, -4.3287 0.525 0.4112, -4.3287 0.4838 0.4112, -4.3287 0.4724 1.063, -4.3287 0.4752 0.4121, -4.3287 0.4544 1.063, -4.3287 0.4742 0.4121, -4.3287 0.5217 0.387, -4.3287 0.5144 0.3964, -4.3287 0.5107 0.3998, -4.3287 0.5314 0.4112, -4.3287 0.527 0.3752, -4.3287 0.525 0.3795, -4.3287 0.525 0.3307, -4.3287 0.5278 0.3378, -4.3287 0.5314 0.2714, -4.3287 0.5298 0.3549, -4.3287 0.5295 0.3615, -4.3287 0.4974 0.3044, -4.3287 0.5075 0.3092, -4.3287 0.525 0.2714, -4.3287 0.5161 0.3163, -4.3287 0.5171 0.3175, -4.3287 0.5235 0.3266, -4.3287 0.4632 0.3033, -4.3287 0.4794 0.3018, -4.3287 0.4859 0.3021, -4.3287 -0.6945 2.0079, -4.3287 -1.4173 2.0079, -4.3287 -0.6945 2.2047, -4.3287 -1.4173 2.2047, -4.3287 -0.6299 2.0079, -4.3287 0.1273 2.2047, -4.3287 -0.6299 1.4567, -4.3287 0.1273 1.4567, -4.3287 0.2273 2.2047, -4.3287 0.2273 1.4567, -4.3287 0.261 2.2047, -4.3287 0.261 1.4567, -4.3287 0.361 2.2047, -4.3287 0.361 1.4567, -4.3287 0.3859 2.2047, -4.3287 0.3859 1.4567, -4.3287 0.4347 2.2047, -4.3287 0.4347 1.4567, -4.3287 0.4544 2.2047, -4.3287 0.4544 1.4567, -4.3287 0.4724 1.3218, -4.3287 0.525 1.3218, -4.3287 0.4724 1.4567, -4.3287 0.4347 1.063, -4.3287 0.3859 1.063, -4.3287 0.361 1.063, -4.3287 0.261 1.063, -4.3287 0.2273 1.063, -4.3287 0.1273 1.063, -4.3287 -0.6945 0.4112, -4.3287 -0.6945 1.063, -4.3287 -1.4173 1.063, -4.3287 -1.4173 0.4112, -4.3287 -1.4173 0.315, -4.3287 -0.5906 0.1333, -4.3287 -0.5906 0.2714, -4.3287 0.069 0.241, -4.3287 0.0283 0.1342, -4.3287 0.0435 0.1342, -4.3287 0.1273 0.1333, -4.3287 0.0544 0.1634, -4.3287 0.0989 0.1634, -4.3287 0.1092 0.1342, -4.3287 0.1244 0.1342, -4.3287 0.0837 0.241, -4.3287 -0.5906 0.315, -4.3287 -0.6945 0.315, -4.3287 0.1273 0.0, -4.3287 -0.5906 0.0, -4.3287 0.1273 0.091, -4.3287 -0.5906 0.091, -4.3287 0.6342 2.2047, -4.3287 0.6693 2.2047, -4.3287 0.6693 1.4961, -4.3287 0.5149 0.1705, -4.3287 0.5128 0.1921, -4.3287 0.5175 0.1667, -4.3287 0.5194 0.162, -4.3287 0.4544 0.1333, -4.3287 0.459 0.1342, -4.3287 0.4724 0.1342, -4.3287 0.525 0.1333, -4.3287 0.518 0.144, -4.3287 0.5196 0.1485, -4.3287 0.4833 0.2009, -4.3287 0.4878 0.2013, -4.3287 0.495 0.1795, -4.3287 0.4786 0.2115, -4.3287 0.4729 0.2098, -4.3287 0.4685 0.2073, -4.3287 0.4649 0.2039, -4.3287 0.5108 0.1741, -4.3287 0.5051 0.177, -4.3287 0.5033 0.198, -4.3287 0.495 0.2007, -4.3287 0.5092 0.1353, -4.3287 0.5137 0.1384, -4.3287 0.5152 0.1399, -4.3287 0.4724 0.146, -4.3287 0.4727 0.146, -4.3287 0.4748 0.1428, -4.3287 0.479 0.1383, -4.3287 0.4622 0.1996, -4.3287 0.4601 0.1935, -4.3287 0.459 0.1833, -4.3287 0.5203 0.1546, -4.3287 0.5202 0.1562, -4.3287 0.5128 0.2051, -4.3287 0.5092 0.2071, -4.3287 0.4991 0.2108, -4.3287 0.4865 0.2122, -4.3287 0.4724 0.1827, -4.3287 0.4728 0.1886, -4.3287 0.4742 0.1933, -4.3287 0.4758 0.1961, -4.3287 0.4778 0.1982, -4.3287 0.4802 0.1998, -4.3287 0.4838 0.1351, -4.3287 0.4888 0.1333, -4.3287 0.4544 0.091, -4.3287 0.4892 0.1332, -4.3287 0.4961 0.1324, -4.3287 0.525 0.091, -4.3287 0.5038 0.1333, -4.3287 0.5041 0.1333, -4.3287 0.4347 0.1347, -4.3287 0.4409 0.1369, -4.3287 0.4409 0.1507, -4.3287 0.4408 0.1899, -4.3287 0.4403 0.1946, -4.3287 0.4387 0.1806, -4.3287 0.4402 0.1847, -4.3287 0.4356 0.1474, -4.3287 0.4347 0.1471, -4.3287 0.4347 0.1754, -4.3287 0.437 0.1778, -4.3287 0.4348 0.1755, -4.3287 0.4313 0.1335, -4.3287 0.4347 0.1333, -4.3287 0.429 0.1333, -4.3287 0.4202 0.1324, -4.3287 0.3859 0.091, -4.3287 0.393 0.2088, -4.3287 0.393 0.1958, -4.3287 0.4322 0.2061, -4.3287 0.4283 0.2085, -4.3287 0.4387 0.199, -4.3287 0.4362 0.2026, -4.3287 0.4347 0.2039, -4.3287 0.39 0.1496, -4.3287 0.3916 0.1453, -4.3287 0.3941 0.1418, -4.3287 0.421 0.2111, -4.3287 0.4111 0.2122, -4.3287 0.4034 0.2116, -4.3287 0.3938 0.1675, -4.3287 0.3913 0.1639, -4.3287 0.3899 0.1599, -4.3287 0.3894 0.1549, -4.3287 0.398 0.1385, -4.3287 0.4012 0.1365, -4.3287 0.4124 0.2013, -4.3287 0.4164 0.201, -4.3287 0.427 0.1911, -4.3287 0.4199 0.2001, -4.3287 0.4229 0.1985, -4.3287 0.4269 0.1893, -4.3287 0.4263 0.1872, -4.3287 0.4254 0.1854, -4.3287 0.4241 0.184, -4.3287 0.4194 0.181, -4.3287 0.4036 0.2003, -4.3287 0.4111 0.1774, -4.3287 0.3961 0.1976, -4.3287 0.4059 0.1753, -4.3287 0.397 0.1704, -4.3287 0.425 0.1967, -4.3287 0.4261 0.195, -4.3287 0.4268 0.1932, -4.3287 0.4273 0.1443, -4.3287 0.4205 0.1677, -4.3287 0.4285 0.1714, -4.3287 0.4189 0.1433, -4.3287 0.4183 0.1433, -4.3287 0.4118 0.164, -4.3287 0.4114 0.1441, -4.3287 0.4031 0.1536, -4.3287 0.4032 0.1553, -4.3287 0.408 0.1453, -4.3287 0.4068 0.1461, -4.3287 0.4052 0.1474, -4.3287 0.4041 0.1492, -4.3287 0.4034 0.1511, -4.3287 0.4038 0.1574, -4.3287 0.4049 0.1591, -4.3287 0.4065 0.1609, -4.3287 0.3396 0.1333, -4.3287 0.2948 0.1342, -4.3287 0.3092 0.2104, -4.3287 0.2948 0.241, -4.3287 0.3475 0.1531, -4.3287 0.3459 0.1469, -4.3287 0.3455 0.1469, -4.3287 0.3449 0.1495, -4.3287 0.3439 0.153, -4.3287 0.361 0.1919, -4.3287 0.3231 0.2104, -4.3287 0.361 0.156, -4.3287 0.3824 0.2104, -4.3287 0.3675 0.2104, -4.3287 0.3529 0.1333, -4.3287 0.3525 0.1344, -4.3287 0.361 0.1157, -4.3287 0.361 0.1157, -4.3287 0.361 0.1333, -4.3287 0.3584 0.1205, -4.3287 0.3797 0.1113, -4.3287 0.3797 0.0994, -4.3287 0.3769 0.1104, -4.3287 0.3721 0.1097, -4.3287 0.3689 0.1101, -4.3287 0.361 0.1007, -4.3287 0.3656 0.0989, -4.3287 0.361 0.091, -4.3287 0.371 0.0983, -4.3287 0.374 0.0984, -4.3287 0.3659 0.1112, -4.3287 0.3635 0.1129, -4.3287 0.261 0.091, -4.3287 0.3438 0.1227, -4.3287 0.3499 0.1109, -4.3287 0.3548 0.105, -4.3287 0.3557 0.1042, -4.3287 0.3603 0.1009, -4.3287 0.281 0.1464, -4.3287 0.261 0.1464, -4.3287 0.281 0.1823, -4.3287 0.261 0.1823, -4.3287 0.261 0.241, -4.3287 0.2398 0.241, -4.3287 0.2398 0.2287, -4.3287 0.2428 0.1823, -4.3287 0.2374 0.1464, -4.3287 0.2428 0.1945, -4.3287 0.261 0.2287, -4.3287 0.261 0.1945, -4.3287 0.281 0.2287, -4.3287 0.281 0.1945, -4.3287 0.5314 0.091, -4.3287 0.525 0.0, -4.3287 0.4544 0.0, -4.3287 0.361 0.0, -4.3287 0.261 0.0, -4.3287 0.2273 0.0, -4.3287 0.2273 0.091, -4.3287 0.2273 0.1333, -4.3287 0.5314 0.1333, -4.3287 0.5331 0.1342, -4.3287 0.5905 0.1342, -4.3287 0.5331 0.1464, -4.3287 0.5355 0.2287, -4.3287 0.5905 0.241, -4.3287 0.5355 0.241, -4.3287 0.5767 0.1823, -4.3287 0.5767 0.1464, -4.3287 0.5385 0.1823, -4.3287 0.5385 0.1945, -4.3287 0.5767 0.1945, -4.3287 0.5767 0.2287, -4.3287 0.1334 0.1691, -4.3287 0.1388 0.1581, -4.3287 0.1879 0.1342, -4.3287 0.2172 0.1342, -4.3287 0.1578 0.141, -4.3287 0.17 0.1363, -4.3287 0.2172 0.241, -4.3287 0.1868 0.241, -4.3287 0.1692 0.2389, -4.3287 0.1565 0.2339, -4.3287 0.1354 0.2125, -4.3287 0.1317 0.2021, -4.3287 0.1303 0.1889, -4.3287 0.1307 0.1815, -4.3287 0.1464 0.1491, -4.3287 0.1475 0.1482, -4.3287 0.1464 0.2268, -4.3287 0.1417 0.2221, -4.3287 0.5905 0.3036, -4.3287 0.5905 0.4103, -4.3287 0.5342 0.3036, -4.3287 0.2671 0.3385, -4.3287 0.2725 0.3275, -4.3287 0.2915 0.3104, -4.3287 0.3037 0.3057, -4.3287 0.3509 0.3036, -4.3287 0.3216 0.3036, -4.3287 0.3509 0.4103, -4.3287 0.3205 0.4103, -4.3287 0.3029 0.4082, -4.3287 0.2902 0.4033, -4.3287 0.2691 0.3819, -4.3287 0.2654 0.3714, -4.3287 0.264 0.3583, -4.3287 0.2644 0.3509, -4.3287 0.2801 0.3185, -4.3287 0.2812 0.3175, -4.3287 0.2801 0.3962, -4.3287 0.2754 0.3915, -4.3287 0.5314 1.3218, -4.3287 0.525 2.2047, -4.3287 0.5314 2.2047, 3.7028 0.6693 2.0276, -3.6988 0.6693 2.0276, 3.7028 0.6693 2.2047, -3.6988 0.6693 2.2047, 4.0571 0.6693 2.2047, 4.3327 0.6693 2.2047, 4.0571 0.6693 1.811, 4.3327 0.6693 1.4961, 4.0177 0.6693 1.811, 4.0177 0.6693 1.4961, -4.0138 0.6693 0.0, -4.0138 1.2598 0.0, -4.0138 0.6693 0.1969, -4.0138 1.2598 0.9843, -4.0138 0.4724 0.1969, -4.0138 0.4724 1.063, -4.0138 0.4724 1.4567, -4.0138 0.6693 1.4961, -4.0138 0.4724 1.811, -4.0138 0.6693 1.811, 4.0177 1.2598 0.0, 4.0177 0.6693 0.0, 4.0177 1.2598 0.9843, 4.0177 0.6693 0.1969, 4.0177 0.4724 1.811, 4.0177 0.4724 1.4567, 4.0177 0.4724 1.063, 4.0177 0.4724 0.1969, 3.2697 0.6693 0.1969, 3.2697 0.6693 0.0, 3.0335 0.6693 0.1969, 3.0335 0.6693 0.0, 2.4823 0.6693 0.1969, 2.4823 0.6693 0.0, 2.2461 0.6693 0.1969, 2.2461 0.6693 0.0, 1.6949 0.6693 0.1969, 1.6949 0.6693 0.0, 1.4587 0.6693 0.1969, 1.4587 0.6693 0.0, 0.9075 0.6693 0.1969, 0.9075 0.6693 0.0, 0.6713 0.6693 0.1969, 0.6713 0.6693 0.0, 0.1201 0.6693 0.1969, 0.1201 0.6693 0.0, -0.1161 0.6693 0.1969, -0.1161 0.6693 0.0, -0.6673 0.6693 0.1969, -0.6673 0.6693 0.0, -0.9035 0.6693 0.1969, -0.9035 0.6693 0.0, -1.4547 0.6693 0.1969, -1.4547 0.6693 0.0, -1.6909 0.6693 0.1969, -1.6909 0.6693 0.0, -2.2421 0.6693 0.1969, -2.2421 0.6693 0.0, -2.4783 0.6693 0.1969, -2.4783 0.6693 0.0, -3.0295 0.6693 0.1969, -3.0295 0.6693 0.0, -3.2657 0.6693 0.1969, -3.2657 0.6693 0.0, -3.7185 -1.6929 1.063, -3.8563 -1.6929 1.063, -3.7185 -1.6929 0.1181, -3.8563 -1.6929 0.0, 3.7224 -1.6929 0.1181, 3.8602 -1.6929 0.0, 3.7224 -1.6929 1.063, 3.8602 -1.6929 1.063, -3.2657 0.4724 0.0, -3.0295 0.4724 0.0, -2.4783 0.4724 0.0, 1.6949 0.4724 0.0, 3.0335 0.4724 0.0, 4.3327 1.2598 0.0, 4.3327 -0.5906 0.0, 3.2697 0.4724 0.0, -2.2421 0.4724 0.0, -1.6909 0.4724 0.0, -1.4547 0.4724 0.0, -0.9035 0.4724 0.0, -0.6673 0.4724 0.0, -3.8957 -0.5906 0.0, 3.8996 -0.5906 0.0, -3.8957 -1.4961 0.0, -0.1161 0.4724 0.0, 0.1201 0.4724 0.0, 3.8996 -1.4961 0.0, 2.2461 0.4724 0.0, 2.4823 0.4724 0.0, 0.6713 0.4724 0.0, 0.9075 0.4724 0.0, 1.4587 0.4724 0.0, -4.0531 0.6693 1.811, -4.0531 0.6693 2.2047, -3.6988 -1.6929 2.2047, 3.8996 -1.6929 2.2047, 3.8996 -1.4173 2.2047, -3.6988 -0.9055 2.2047, -3.6988 -1.378 2.2047, 3.7028 -0.9055 2.2047, 4.0571 -0.9055 2.2047, 4.3327 -1.4173 2.2047, -4.0531 -1.4173 2.2047, -4.0531 -1.378 2.2047, -4.0531 -0.9055 2.2047, 3.0925 -1.6929 2.0079, 3.7224 -1.6929 1.378, 3.8996 -1.6929 1.378, 3.7224 -1.6929 1.8504, 3.0925 -1.6929 1.8504, -3.8957 -1.6929 1.378, -3.7185 -1.6929 1.378, -3.8957 -1.6929 2.0866, -3.7185 -1.6929 1.8504, -3.6988 -1.6929 2.0866, -3.0886 -1.6929 1.8504, -3.0886 -1.6929 2.0079, -3.6988 0.4724 2.0276, 3.7028 0.4724 2.0276, 3.7028 0.4724 1.811, 3.8996 0.4724 1.4567, 1.6949 0.4724 0.1969, 1.4587 0.4724 0.1969, 2.4823 0.4724 0.1969, 2.2461 0.4724 0.1969, 3.8996 0.4724 1.063, 3.2697 0.4724 0.1969, 3.0335 0.4724 0.1969, 0.1201 0.4724 0.1969, 0.6713 0.4724 0.1969, 0.9075 0.4724 0.1969, -0.6673 0.4724 0.1969, -0.9035 0.4724 0.1969, -0.1161 0.4724 0.1969, -1.4547 0.4724 0.1969, -1.6909 0.4724 0.1969, -3.8957 0.4724 1.4567, -3.0295 0.4724 0.1969, -2.2421 0.4724 0.1969, -3.6988 0.4724 1.811, -2.4783 0.4724 0.1969, -3.2657 0.4724 0.1969, -3.8957 0.4724 1.063, -3.8957 -1.4173 2.0866, -3.8957 -1.4173 2.0079, -3.8957 -0.6299 1.4567, -3.8957 -0.9055 1.063, -3.8957 -0.6299 1.811, -3.8957 -0.9055 1.378, -3.8957 -0.9055 1.811, -3.8957 -0.9055 2.0079, -4.0728 -1.4173 0.9767, -3.8957 -1.4173 0.9767, -3.8957 -1.4173 1.063, -4.0728 -1.4173 0.315, -4.0531 -1.4173 2.0866, -4.0531 -0.9055 2.0079, -4.0531 -0.6299 2.0079, -4.0531 -0.6299 1.811, -3.8957 -1.4961 1.063, -3.6791 -1.4961 1.063, -3.6791 -0.9055 1.063, -4.0728 -0.5906 0.315, -3.8957 -0.5906 0.9767, -4.0728 -0.5906 0.9767, -3.6791 -0.9055 1.378, -3.6791 -1.4961 1.378, 3.8996 -1.4173 2.0079, 3.8996 -0.9055 2.0079, 3.8996 -0.9055 1.811, 3.8996 -0.6299 1.811, 3.8996 -0.9055 1.378, 3.8996 -0.6299 1.4567, 3.8996 -0.9055 1.063, 4.0768 -1.4173 0.315, 4.3327 -1.4173 0.315, 4.0768 -1.4173 0.9767, 4.3327 -1.4173 1.063, 3.8996 -1.4173 0.9767, 3.8996 -1.4173 1.063, 4.3327 -0.6299 2.0079, 4.3327 -1.4173 2.0079, 4.3327 -0.6299 1.4567, 4.3327 0.4724 1.4567, 4.3327 0.4724 1.063, 4.3327 -0.5906 0.315, 4.3327 1.2598 0.9843, 4.0571 -0.6299 2.0079, 4.0571 -0.9055 2.0079, 4.0571 -0.6299 1.811, 3.6831 -1.4961 1.063, 3.8996 -1.4961 1.063, 3.6831 -0.9055 1.063, 4.0768 -0.5906 0.315, 4.0768 -0.5906 0.9767, 3.8996 -0.5906 0.9767, 3.6831 -0.9055 1.378, 3.6831 -1.4961 1.378, -3.0886 0.2756 1.811, -3.0886 0.2756 2.0079, -3.0886 -1.4961 1.811, 3.0925 0.2756 2.0079, 3.0925 0.2756 1.811, 3.0925 -1.4961 1.811, 3.6831 -1.4961 1.811, 3.6831 0.2756 1.811, 3.6831 0.2756 0.1575, 3.6831 -1.4961 0.1575, -3.6791 -1.4961 0.1575, -3.6791 0.2756 0.1575, -3.6791 0.2756 1.811, -3.6791 -1.4961 1.811, 3.7028 -0.9055 1.811, -3.6988 -0.9055 1.811, -4.0531 -1.378 2.0866, -3.6988 -1.378 2.0866
            ]
        }
        coordIndex [
            0,1,2,-1,3,4,5,-1,6,7,8,-1,9,10,11,-1,12,13,14,-1,14,13,15,-1,16,17,18,-1,18,17,14,-1,18,14,19,-1,19,14,20,-1,15,21,14,-1,14,21,22,-1,14,22,20,-1,23,24,25,-1,23,25,26,-1,26,25,27,-1,26,27,28,-1,28,27,29,-1,28,29,30,-1,31,32,33,-1,34,35,36,-1,36,35,37,-1,36,37,31,-1,31,37,38,-1,31,38,39,-1,30,29,40,-1,40,29,31,-1,40,31,41,-1,41,31,33,-1,41,33,42,-1,42,33,43,-1,42,43,44,-1,39,45,31,-1,31,45,46,-1,31,46,32,-1,47,48,49,-1,49,48,50,-1,49,50,51,-1,51,52,49,-1,49,52,53,-1,49,53,36,-1,36,53,54,-1,36,54,34,-1,55,56,57,-1,57,56,58,-1,57,58,49,-1,49,58,59,-1,49,59,47,-1,60,61,62,-1,62,61,63,-1,64,65,57,-1,57,65,66,-1,57,66,55,-1,63,67,62,-1,62,67,68,-1,62,68,64,-1,64,68,69,-1,64,69,65,-1,70,71,61,-1,61,71,72,-1,72,73,61,-1,61,73,74,-1,61,74,63,-1,75,76,77,-1,78,79,80,-1,80,79,81,-1,75,77,82,-1,83,84,85,-1,86,87,79,-1,79,87,88,-1,79,88,89,-1,16,90,17,-1,17,90,91,-1,17,91,85,-1,85,91,92,-1,85,92,83,-1,76,93,77,-1,77,93,94,-1,77,94,95,-1,96,97,98,-1,98,97,99,-1,98,99,100,-1,101,89,102,-1,102,89,103,-1,102,103,98,-1,98,103,104,-1,98,104,96,-1,101,105,89,-1,89,105,106,-1,89,106,79,-1,79,106,107,-1,79,107,81,-1,84,108,85,-1,85,108,109,-1,85,109,110,-1,111,112,113,-1,113,112,114,-1,113,114,77,-1,77,114,115,-1,77,115,82,-1,95,116,77,-1,77,116,117,-1,77,117,118,-1,119,120,70,-1,120,121,70,-1,70,121,122,-1,70,122,123,-1,123,124,70,-1,70,124,125,-1,70,125,126,-1,126,125,111,-1,126,111,127,-1,127,111,113,-1,128,129,77,-1,77,129,130,-1,77,130,79,-1,79,130,131,-1,79,131,86,-1,118,132,77,-1,77,132,133,-1,77,133,128,-1,134,135,136,-1,135,137,136,-1,136,137,138,-1,136,138,139,-1,88,136,89,-1,89,136,140,-1,89,140,141,-1,142,143,88,-1,88,143,144,-1,88,144,136,-1,136,144,145,-1,136,145,134,-1,146,147,88,-1,88,147,148,-1,88,148,142,-1,149,150,151,-1,151,150,152,-1,151,152,153,-1,139,138,154,-1,154,138,155,-1,154,155,156,-1,156,155,157,-1,156,157,158,-1,141,159,89,-1,89,159,151,-1,89,151,160,-1,160,151,153,-1,161,162,163,-1,163,162,164,-1,163,164,165,-1,166,167,168,-1,168,167,169,-1,168,169,170,-1,170,169,171,-1,170,171,165,-1,165,171,172,-1,165,172,163,-1,167,173,169,-1,169,173,174,-1,169,174,175,-1,175,174,161,-1,175,161,176,-1,176,161,163,-1,177,178,179,-1,179,178,180,-1,181,182,183,-1,183,182,184,-1,183,184,185,-1,180,178,186,-1,186,178,187,-1,186,187,188,-1,181,189,190,-1,190,189,191,-1,190,191,192,-1,193,194,195,-1,195,194,196,-1,195,196,197,-1,197,196,198,-1,197,198,187,-1,185,184,199,-1,199,184,200,-1,199,200,193,-1,201,202,203,-1,203,202,194,-1,203,194,204,-1,204,194,205,-1,206,207,208,-1,208,207,209,-1,206,210,207,-1,207,210,211,-1,207,211,212,-1,212,211,213,-1,214,215,207,-1,207,215,216,-1,207,216,217,-1,218,219,220,-1,193,200,194,-1,194,200,221,-1,194,221,205,-1,205,221,222,-1,205,222,207,-1,207,222,223,-1,207,223,214,-1,217,224,207,-1,207,224,225,-1,207,225,209,-1,218,220,211,-1,211,220,226,-1,211,226,227,-1,227,228,211,-1,211,228,229,-1,211,229,213,-1,230,231,232,-1,232,231,233,-1,232,233,200,-1,200,233,234,-1,200,234,221,-1,235,236,237,-1,237,236,238,-1,237,238,239,-1,239,238,240,-1,239,240,241,-1,241,240,242,-1,241,242,230,-1,243,244,237,-1,237,244,245,-1,237,245,235,-1,246,247,237,-1,237,247,248,-1,237,248,243,-1,249,250,251,-1,251,250,252,-1,251,252,246,-1,246,252,253,-1,246,253,247,-1,254,255,256,-1,255,257,256,-1,256,257,258,-1,256,258,259,-1,201,260,202,-1,202,260,261,-1,202,261,256,-1,256,261,262,-1,256,262,254,-1,263,264,265,-1,265,264,266,-1,263,265,267,-1,267,265,268,-1,267,268,269,-1,269,268,270,-1,270,268,271,-1,270,271,272,-1,272,271,273,-1,272,273,274,-1,274,273,275,-1,274,275,276,-1,276,275,277,-1,276,277,278,-1,278,277,279,-1,278,279,280,-1,280,279,281,-1,280,281,282,-1,239,283,284,-1,284,283,285,-1,230,232,241,-1,241,232,200,-1,241,200,286,-1,286,200,184,-1,286,184,287,-1,287,184,182,-1,287,182,288,-1,288,182,176,-1,288,176,289,-1,289,176,163,-1,289,163,290,-1,290,163,172,-1,290,172,291,-1,291,172,292,-1,291,292,293,-1,294,293,295,-1,295,293,292,-1,295,292,296,-1,297,298,299,-1,300,301,302,-1,303,304,301,-1,301,304,305,-1,301,305,302,-1,302,305,306,-1,302,306,171,-1,171,306,307,-1,307,299,171,-1,171,299,298,-1,171,298,172,-1,172,298,308,-1,172,308,292,-1,292,308,309,-1,292,309,296,-1,310,311,312,-1,312,311,313,-1,312,313,302,-1,302,313,297,-1,302,297,300,-1,300,297,299,-1,314,315,316,-1,317,318,319,-1,319,318,320,-1,321,322,323,-1,324,325,326,-1,327,328,329,-1,330,331,202,-1,202,331,332,-1,202,332,333,-1,317,334,318,-1,318,334,335,-1,318,335,336,-1,336,335,329,-1,336,329,337,-1,337,329,328,-1,338,339,324,-1,324,339,340,-1,324,340,325,-1,341,342,323,-1,323,342,343,-1,323,343,344,-1,333,345,202,-1,202,345,346,-1,202,346,347,-1,326,348,324,-1,324,348,349,-1,324,349,256,-1,256,349,320,-1,256,320,350,-1,350,320,318,-1,350,351,256,-1,256,351,352,-1,256,352,202,-1,202,352,353,-1,202,353,330,-1,354,355,329,-1,329,355,356,-1,329,356,357,-1,357,358,329,-1,329,358,359,-1,329,359,327,-1,344,360,323,-1,323,360,361,-1,323,361,321,-1,321,361,362,-1,363,364,365,-1,365,364,366,-1,365,366,324,-1,324,366,367,-1,324,367,338,-1,368,369,321,-1,321,369,370,-1,371,372,202,-1,373,374,370,-1,375,376,377,-1,373,370,378,-1,374,371,370,-1,370,371,202,-1,370,202,321,-1,321,202,347,-1,321,347,322,-1,375,377,370,-1,370,377,379,-1,370,379,378,-1,380,381,382,-1,382,381,3,-1,382,3,383,-1,383,3,10,-1,10,3,384,-1,10,384,11,-1,385,386,11,-1,387,388,194,-1,372,389,202,-1,202,389,390,-1,202,390,194,-1,194,390,391,-1,194,391,387,-1,392,393,11,-1,11,393,394,-1,388,395,194,-1,194,395,396,-1,194,396,196,-1,196,396,397,-1,196,397,385,-1,398,399,386,-1,386,399,400,-1,386,400,11,-1,11,400,401,-1,11,401,392,-1,394,402,11,-1,11,402,403,-1,11,403,9,-1,404,405,406,-1,406,405,407,-1,406,407,408,-1,406,409,404,-1,404,409,410,-1,404,410,411,-1,411,412,404,-1,404,412,413,-1,404,413,414,-1,414,413,415,-1,414,415,416,-1,416,415,417,-1,416,417,386,-1,386,417,418,-1,386,418,398,-1,419,420,408,-1,408,420,421,-1,408,421,406,-1,422,423,376,-1,376,423,424,-1,376,424,377,-1,422,425,423,-1,423,425,426,-1,423,426,427,-1,427,426,428,-1,427,429,430,-1,428,431,427,-1,427,431,432,-1,427,432,433,-1,433,434,427,-1,427,434,435,-1,427,435,429,-1,430,436,427,-1,427,436,437,-1,427,437,438,-1,439,440,441,-1,441,440,442,-1,443,444,445,-1,445,446,443,-1,443,446,447,-1,443,447,448,-1,448,447,449,-1,448,449,198,-1,450,451,11,-1,385,11,196,-1,196,11,451,-1,196,451,198,-1,198,451,452,-1,198,452,448,-1,453,454,450,-1,455,456,457,-1,457,456,458,-1,457,458,453,-1,453,450,457,-1,457,450,11,-1,457,11,459,-1,459,11,384,-1,459,384,460,-1,459,461,457,-1,457,461,462,-1,457,462,463,-1,464,465,466,-1,466,465,467,-1,466,467,384,-1,384,467,468,-1,384,468,460,-1,463,469,457,-1,457,469,470,-1,457,470,455,-1,7,440,8,-1,8,440,439,-1,8,439,471,-1,471,439,472,-1,471,472,473,-1,473,474,471,-1,471,474,475,-1,471,475,466,-1,466,475,476,-1,466,476,464,-1,477,478,479,-1,479,478,480,-1,449,441,198,-1,198,441,442,-1,198,442,175,-1,175,442,481,-1,175,481,169,-1,169,481,482,-1,169,482,483,-1,480,478,484,-1,484,478,485,-1,484,485,486,-1,483,487,488,-1,488,487,489,-1,488,489,490,-1,60,491,61,-1,61,491,85,-1,61,85,70,-1,70,85,110,-1,70,110,119,-1,492,493,365,-1,365,493,362,-1,365,362,363,-1,363,362,361,-1,3,5,384,-1,384,5,494,-1,384,494,466,-1,466,494,495,-1,466,495,471,-1,493,4,362,-1,362,4,3,-1,362,3,321,-1,321,3,381,-1,321,381,368,-1,368,381,380,-1,495,496,471,-1,471,496,497,-1,471,497,8,-1,8,497,498,-1,8,498,6,-1,6,498,485,-1,499,500,501,-1,500,499,502,-1,502,499,251,-1,502,251,503,-1,491,499,85,-1,85,499,501,-1,85,501,17,-1,17,501,504,-1,17,504,251,-1,251,504,505,-1,251,505,503,-1,506,507,508,-1,508,507,502,-1,508,502,509,-1,509,502,503,-1,509,503,510,-1,510,503,511,-1,60,492,491,-1,491,492,365,-1,491,365,499,-1,499,365,324,-1,499,324,251,-1,251,324,256,-1,251,256,249,-1,249,256,259,-1,512,513,302,-1,514,515,498,-1,498,515,169,-1,498,169,485,-1,485,169,483,-1,485,483,486,-1,486,483,488,-1,516,517,302,-1,517,514,302,-1,302,514,498,-1,302,498,312,-1,312,498,497,-1,312,497,310,-1,310,497,496,-1,515,518,169,-1,169,518,519,-1,169,519,171,-1,171,519,520,-1,171,520,521,-1,522,523,171,-1,171,523,524,-1,171,524,302,-1,302,524,525,-1,302,525,512,-1,513,526,302,-1,302,526,527,-1,302,527,516,-1,521,528,171,-1,171,528,529,-1,171,529,522,-1,530,531,14,-1,14,531,0,-1,14,0,246,-1,246,0,2,-1,246,2,251,-1,251,2,532,-1,251,532,17,-1,17,532,530,-1,17,530,14,-1,533,534,175,-1,535,536,175,-1,190,188,181,-1,181,188,187,-1,181,187,182,-1,182,187,198,-1,182,198,537,-1,175,536,198,-1,198,536,538,-1,198,538,537,-1,537,539,182,-1,182,539,540,-1,182,540,176,-1,176,540,541,-1,176,541,542,-1,543,544,176,-1,176,544,545,-1,176,545,175,-1,175,545,546,-1,175,546,533,-1,534,547,175,-1,175,547,548,-1,175,548,535,-1,542,549,176,-1,176,549,550,-1,176,550,543,-1,239,284,237,-1,237,284,551,-1,237,551,246,-1,246,551,25,-1,246,25,14,-1,14,25,24,-1,14,24,12,-1,282,281,285,-1,285,281,552,-1,285,552,284,-1,284,552,553,-1,284,553,551,-1,551,553,314,-1,551,314,25,-1,25,314,316,-1,25,316,27,-1,554,555,556,-1,556,555,557,-1,558,559,560,-1,560,559,561,-1,560,561,562,-1,562,561,563,-1,564,565,566,-1,566,565,567,-1,568,566,569,-1,569,566,567,-1,569,567,570,-1,570,567,571,-1,570,571,572,-1,572,571,573,-1,574,575,576,-1,576,575,577,-1,578,562,579,-1,579,562,563,-1,579,563,580,-1,580,563,576,-1,580,576,581,-1,581,576,577,-1,577,575,582,-1,582,575,583,-1,584,585,586,-1,586,585,587,-1,588,589,590,-1,590,589,591,-1,592,593,594,-1,594,593,595,-1,596,597,598,-1,598,597,599,-1,600,601,602,-1,602,601,603,-1,604,605,606,-1,606,605,607,-1,608,609,610,-1,610,609,611,-1,612,613,614,-1,614,613,615,-1,616,617,566,-1,566,617,564,-1,618,619,620,-1,620,619,621,-1,620,621,622,-1,622,621,623,-1,622,623,624,-1,624,623,625,-1,4,493,564,-1,64,565,62,-1,62,565,564,-1,564,617,626,-1,615,613,627,-1,627,613,628,-1,629,591,589,-1,587,585,630,-1,574,631,575,-1,575,631,632,-1,575,632,583,-1,583,632,633,-1,493,492,564,-1,564,492,60,-1,564,60,62,-1,611,609,634,-1,634,609,635,-1,607,605,636,-1,636,605,637,-1,636,637,621,-1,621,637,638,-1,639,311,626,-1,626,311,310,-1,626,310,496,-1,633,632,630,-1,630,632,640,-1,630,640,587,-1,626,627,639,-1,639,627,628,-1,639,628,641,-1,641,628,634,-1,641,634,621,-1,621,634,635,-1,621,635,636,-1,603,601,638,-1,638,601,642,-1,638,642,621,-1,621,642,643,-1,623,621,644,-1,644,621,645,-1,644,645,640,-1,640,645,646,-1,640,646,587,-1,496,495,626,-1,626,495,494,-1,626,494,564,-1,564,494,5,-1,564,5,4,-1,599,597,643,-1,643,597,647,-1,643,647,621,-1,621,647,648,-1,595,593,648,-1,648,593,649,-1,648,649,621,-1,621,649,629,-1,621,629,645,-1,645,629,589,-1,573,571,650,-1,650,571,316,-1,650,316,651,-1,651,316,315,-1,652,653,654,-1,556,557,655,-1,656,652,657,-1,657,652,654,-1,657,654,658,-1,658,654,659,-1,658,659,558,-1,558,659,559,-1,266,660,661,-1,657,556,656,-1,656,556,655,-1,656,655,661,-1,661,655,662,-1,661,662,266,-1,315,314,651,-1,651,314,553,-1,651,553,552,-1,277,275,651,-1,651,275,273,-1,552,281,651,-1,651,281,279,-1,651,279,277,-1,273,271,651,-1,651,271,268,-1,651,268,662,-1,662,268,265,-1,662,265,266,-1,663,653,652,-1,664,665,666,-1,666,665,653,-1,666,653,667,-1,667,653,663,-1,668,669,670,-1,670,669,671,-1,670,671,672,-1,672,671,673,-1,672,673,652,-1,652,673,674,-1,652,674,663,-1,675,555,676,-1,676,555,554,-1,578,579,677,-1,677,579,678,-1,629,649,679,-1,679,649,680,-1,646,645,681,-1,681,645,682,-1,683,580,581,-1,633,630,684,-1,684,630,685,-1,686,675,687,-1,687,675,688,-1,687,688,647,-1,647,688,648,-1,581,684,683,-1,683,684,685,-1,683,685,678,-1,678,685,681,-1,678,681,677,-1,677,681,682,-1,677,682,676,-1,676,682,679,-1,676,679,675,-1,675,679,680,-1,675,680,688,-1,689,638,637,-1,637,690,689,-1,689,690,675,-1,689,675,691,-1,691,675,686,-1,691,686,642,-1,642,686,643,-1,636,635,692,-1,692,635,693,-1,694,570,572,-1,695,627,626,-1,696,697,693,-1,693,697,675,-1,693,675,692,-1,692,675,690,-1,634,628,696,-1,696,628,698,-1,568,569,699,-1,699,569,700,-1,626,699,695,-1,695,699,700,-1,695,700,698,-1,698,700,694,-1,698,694,696,-1,696,694,572,-1,696,572,697,-1,630,585,685,-1,685,585,584,-1,582,583,684,-1,684,583,633,-1,645,589,682,-1,682,589,588,-1,586,587,681,-1,681,587,646,-1,649,593,680,-1,680,593,592,-1,590,591,679,-1,679,591,629,-1,670,701,668,-1,668,701,702,-1,694,700,703,-1,703,700,704,-1,703,704,705,-1,705,704,706,-1,705,706,707,-1,707,706,668,-1,707,668,708,-1,708,668,702,-1,709,710,711,-1,296,712,295,-1,295,712,709,-1,295,709,294,-1,294,709,711,-1,567,29,571,-1,571,29,27,-1,571,27,316,-1,64,57,565,-1,565,57,49,-1,29,567,31,-1,31,567,565,-1,31,565,36,-1,36,565,49,-1,702,701,713,-1,660,266,713,-1,713,266,264,-1,713,264,702,-1,708,702,714,-1,714,702,264,-1,714,264,715,-1,715,264,263,-1,715,263,267,-1,715,267,716,-1,716,267,269,-1,716,269,705,-1,705,269,703,-1,272,274,694,-1,694,274,276,-1,703,269,694,-1,694,269,270,-1,694,270,272,-1,276,278,694,-1,694,278,280,-1,694,280,570,-1,570,280,282,-1,570,282,285,-1,239,569,283,-1,283,569,570,-1,283,570,285,-1,619,618,717,-1,717,618,718,-1,717,718,711,-1,711,718,719,-1,711,719,294,-1,294,719,704,-1,286,700,241,-1,241,700,569,-1,241,569,239,-1,286,287,700,-1,700,287,288,-1,700,288,289,-1,289,290,700,-1,700,290,291,-1,700,291,704,-1,704,291,293,-1,704,293,294,-1,308,720,309,-1,309,720,712,-1,309,712,296,-1,313,311,639,-1,721,722,639,-1,639,722,720,-1,720,308,298,-1,720,298,639,-1,639,298,297,-1,639,297,313,-1,717,711,710,-1,721,639,710,-1,710,639,641,-1,710,641,717,-1,709,722,710,-1,710,722,721,-1,720,722,712,-1,712,722,709,-1,706,723,668,-1,668,723,724,-1,668,724,669,-1,723,706,719,-1,719,706,704,-1,647,597,687,-1,687,597,596,-1,594,595,688,-1,688,595,648,-1,642,601,691,-1,691,601,600,-1,598,599,686,-1,686,599,643,-1,637,605,690,-1,690,605,604,-1,602,603,689,-1,689,603,638,-1,635,609,693,-1,693,609,608,-1,606,607,692,-1,692,607,636,-1,628,613,698,-1,698,613,612,-1,610,611,696,-1,696,611,634,-1,626,617,699,-1,699,617,616,-1,614,615,695,-1,695,615,627,-1,654,653,725,-1,725,653,665,-1,726,725,727,-1,727,725,665,-1,727,665,728,-1,728,665,729,-1,728,729,730,-1,730,729,731,-1,730,731,678,-1,678,731,683,-1,732,733,734,-1,734,733,735,-1,734,735,736,-1,736,735,737,-1,559,659,738,-1,738,659,739,-1,738,740,559,-1,559,740,741,-1,559,741,561,-1,735,733,742,-1,742,733,743,-1,561,741,744,-1,744,741,742,-1,744,742,631,-1,631,742,743,-1,631,743,632,-1,576,563,744,-1,744,563,561,-1,574,576,631,-1,631,576,744,-1,654,725,659,-1,659,725,739,-1,745,738,746,-1,746,738,739,-1,746,739,726,-1,726,739,725,-1,728,730,747,-1,747,730,740,-1,747,740,745,-1,745,740,738,-1,741,740,579,-1,579,740,730,-1,579,730,678,-1,742,741,580,-1,580,741,579,-1,624,625,748,-1,748,625,749,-1,748,749,750,-1,750,749,737,-1,750,737,731,-1,731,737,735,-1,735,742,731,-1,731,742,580,-1,731,580,683,-1,743,733,751,-1,751,733,732,-1,752,753,751,-1,751,753,640,-1,751,640,743,-1,743,640,632,-1,737,749,736,-1,736,749,644,-1,736,644,753,-1,753,644,640,-1,752,734,753,-1,753,734,736,-1,752,751,734,-1,734,751,732,-1,754,729,755,-1,755,729,665,-1,755,665,664,-1,750,731,754,-1,754,731,729,-1,756,757,758,-1,758,757,674,-1,758,674,673,-1,757,759,674,-1,674,759,663,-1,759,760,663,-1,663,760,761,-1,663,761,667,-1,761,760,762,-1,762,760,763,-1,755,762,754,-1,754,762,763,-1,754,763,750,-1,750,763,764,-1,750,764,748,-1,748,764,765,-1,765,764,766,-1,766,764,767,-1,718,766,719,-1,719,766,767,-1,719,767,723,-1,723,767,768,-1,723,768,724,-1,724,768,769,-1,769,768,758,-1,758,768,756,-1,756,768,767,-1,764,763,760,-1,759,757,760,-1,760,757,756,-1,760,756,764,-1,764,756,767,-1,581,577,684,-1,684,577,582,-1,614,695,612,-1,612,695,698,-1,699,616,568,-1,568,616,566,-1,610,696,608,-1,608,696,693,-1,606,692,604,-1,604,692,690,-1,602,689,600,-1,600,689,691,-1,598,686,596,-1,596,686,687,-1,594,688,592,-1,592,688,680,-1,590,679,588,-1,588,679,682,-1,586,681,584,-1,584,681,685,-1,727,770,726,-1,726,770,657,-1,726,657,746,-1,746,657,658,-1,677,770,728,-1,728,770,727,-1,560,562,578,-1,677,728,578,-1,578,728,747,-1,578,747,560,-1,746,658,745,-1,745,658,558,-1,745,558,747,-1,747,558,560,-1,554,556,676,-1,676,556,657,-1,676,657,677,-1,677,657,770,-1,714,662,708,-1,708,662,655,-1,708,655,707,-1,707,655,771,-1,573,650,572,-1,572,650,716,-1,572,716,697,-1,697,716,705,-1,697,705,771,-1,771,705,707,-1,557,555,675,-1,697,771,675,-1,675,771,655,-1,675,655,557,-1,662,714,715,-1,716,650,715,-1,715,650,651,-1,715,651,662,-1,772,713,701,-1,670,672,701,-1,701,672,773,-1,701,773,772,-1,772,661,713,-1,713,661,660,-1,772,773,661,-1,661,773,656,-1,773,672,656,-1,656,672,652,-1,619,717,621,-1,621,717,641,-1,666,762,664,-1,664,762,755,-1,667,761,666,-1,666,761,762,-1,620,766,618,-1,618,766,718,-1,622,765,620,-1,620,765,766,-1,624,748,622,-1,622,748,765,-1,671,769,673,-1,673,769,758,-1,669,724,671,-1,671,724,769,-1,749,625,644,-1,644,625,623,-1,
        ]
    }
}
Shape{
    appearance Appearance {
        material  Material {
            diffuseColor 0.07058823529411765 0.07058823529411765 0.07058823529411765
            specularColor 0.00392156862745098 0.00392156862745098 0.00392156862745098
            ambientIntensity 0.102
            transparency 0.0
            shininess 0.5
        }
    }
    geometry IndexedFaceSet {
        ccw TRUE
        solid FALSE
        coord DEF co Coordinate {
            point [
                -4.3327 0.5342 0.3157, -4.3327 0.5342 0.3036, -4.3287 0.5342 0.3157, -4.3287 0.5342 0.3036, -4.3327 0.5767 0.3157, -4.3287 0.5767 0.3157, -4.3327 0.5767 0.4103, -4.3287 0.5767 0.4103, -4.3327 0.5905 0.4103, -4.3287 0.5905 0.4103, -4.3327 0.5905 0.3036, -4.3287 0.5905 0.3036, -4.3327 0.4794 0.3018, -4.3287 0.4794 0.3018, -4.3287 0.4632 0.3033, -4.3287 0.4544 0.3062, -4.3327 0.4517 0.3071, -4.3327 0.4632 0.3033, -4.3287 0.4517 0.3071, -4.3287 0.4499 0.308, -4.3327 0.4499 0.308, -4.3327 0.4499 0.3212, -4.3287 0.4499 0.3212, -4.3287 0.4544 0.3191, -4.3327 0.4601 0.3166, -4.3287 0.4601 0.3166, -4.3287 0.4721 0.3142, -4.3327 0.4721 0.3142, -4.3287 0.4774 0.314, -4.3327 0.4774 0.314, -4.3287 0.4885 0.3154, -4.3327 0.4885 0.3154, -4.3287 0.496 0.3184, -4.3327 0.496 0.3184, -4.3287 0.5029 0.3234, -4.3327 0.5029 0.3234, -4.3287 0.5049 0.3253, -4.3327 0.5049 0.3253, -4.3287 0.5103 0.3329, -4.3327 0.5103 0.3329, -4.3287 0.5137 0.3416, -4.3327 0.5137 0.3416, -4.3287 0.5153 0.3547, -4.3327 0.5153 0.3547, -4.3287 0.5153 0.3557, -4.3327 0.5153 0.3557, -4.3287 0.5139 0.3689, -4.3327 0.5139 0.3689, -4.3287 0.5106 0.3785, -4.3327 0.5106 0.3785, -4.3287 0.5056 0.3861, -4.3327 0.5056 0.3861, -4.3287 0.5041 0.3878, -4.3327 0.5041 0.3878, -4.3287 0.4973 0.3935, -4.3327 0.4973 0.3935, -4.3287 0.489 0.3976, -4.3327 0.489 0.3976, -4.3287 0.4798 0.3995, -4.3327 0.4798 0.3995, -4.3287 0.475 0.3997, -4.3327 0.475 0.3997, -4.3287 0.4626 0.3983, -4.3287 0.4544 0.3953, -4.3327 0.4517 0.3943, -4.3327 0.4626 0.3983, -4.3287 0.4517 0.3943, -4.3287 0.4499 0.3933, -4.3327 0.4499 0.3933, -4.3327 0.4499 0.4078, -4.3287 0.4499 0.4078, -4.3287 0.4752 0.4121, -4.3327 0.4752 0.4121, -4.3327 0.4742 0.4121, -4.3287 0.4544 0.4091, -4.3327 0.4604 0.4109, -4.3287 0.4604 0.4109, -4.3287 0.4642 0.4112, -4.3287 0.4742 0.4121, -4.3327 0.4886 0.4107, -4.3287 0.4838 0.4112, -4.3287 0.4886 0.4107, -4.3287 0.5001 0.4068, -4.3327 0.5001 0.4068, -4.3287 0.5107 0.3998, -4.3327 0.5107 0.3998, -4.3287 0.5144 0.3964, -4.3327 0.5144 0.3964, -4.3287 0.5217 0.387, -4.3287 0.525 0.3795, -4.3327 0.527 0.3752, -4.3327 0.5217 0.387, -4.3287 0.527 0.3752, -4.3287 0.5295 0.3615, -4.3327 0.5295 0.3615, -4.3287 0.5298 0.3549, -4.3327 0.5298 0.3549, -4.3287 0.5278 0.3378, -4.3287 0.525 0.3307, -4.3327 0.5235 0.3266, -4.3327 0.5278 0.3378, -4.3287 0.5235 0.3266, -4.3287 0.5171 0.3175, -4.3327 0.5171 0.3175, -4.3287 0.5161 0.3163, -4.3327 0.5161 0.3163, -4.3287 0.5075 0.3092, -4.3327 0.5075 0.3092, -4.3287 0.4974 0.3044, -4.3327 0.4974 0.3044, -4.3287 0.4859 0.3021, -4.3327 0.4859 0.3021, -4.3327 0.3711 0.3157, -4.3327 0.3711 0.3036, -4.3287 0.3711 0.3157, -4.3287 0.3711 0.3036, -4.3287 0.4147 0.3157, -4.3327 0.4147 0.3157, -4.3287 0.3859 0.3157, -4.3327 0.4147 0.3516, -4.3287 0.4147 0.3516, -4.3327 0.3765 0.3516, -4.3287 0.3859 0.3516, -4.3287 0.3765 0.3516, -4.3327 0.3765 0.3639, -4.3287 0.3765 0.3639, -4.3287 0.4147 0.3639, -4.3327 0.4147 0.3639, -4.3287 0.3859 0.3639, -4.3327 0.4147 0.398, -4.3287 0.4147 0.398, -4.3287 0.3735 0.398, -4.3327 0.3735 0.398, -4.3287 0.3859 0.398, -4.3327 0.3735 0.4103, -4.3287 0.3735 0.4103, -4.3287 0.4285 0.4103, -4.3327 0.4285 0.4103, -4.3287 0.3859 0.4103, -4.3327 0.4285 0.3036, -4.3287 0.4285 0.3036, -4.3287 0.3859 0.3036, -4.3327 0.2788 0.3518, -4.3327 0.2644 0.3509, -4.3327 0.2785 0.3579, -4.3327 0.264 0.3583, -4.3327 0.2799 0.3705, -4.3327 0.2654 0.3714, -4.3327 0.2828 0.3785, -4.3327 0.2691 0.3819, -4.3327 0.2868 0.3846, -4.3327 0.2754 0.3915, -4.3327 0.2902 0.388, -4.3327 0.2801 0.3962, -4.3327 0.2984 0.3934, -4.3327 0.2902 0.4033, -4.3327 0.3077 0.3966, -4.3327 0.3029 0.4082, -4.3327 0.321 0.398, -4.3327 0.3205 0.4103, -4.3327 0.3371 0.398, -4.3327 0.3509 0.4103, -4.3327 0.3371 0.3157, -4.3327 0.3509 0.3036, -4.3327 0.3216 0.3157, -4.3327 0.3216 0.3036, -4.3327 0.3083 0.3171, -4.3327 0.3037 0.3057, -4.3327 0.2991 0.3203, -4.3327 0.2915 0.3104, -4.3327 0.292 0.3249, -4.3327 0.2812 0.3175, -4.3327 0.2899 0.3269, -4.3327 0.2801 0.3185, -4.3327 0.2843 0.3339, -4.3327 0.2725 0.3275, -4.3327 0.2807 0.3419, -4.3327 0.2671 0.3385, -4.3287 0.3216 0.3036, -4.3287 0.3509 0.3036, -4.3287 0.3037 0.3057, -4.3287 0.2915 0.3104, -4.3287 0.2812 0.3175, -4.3287 0.2801 0.3185, -4.3287 0.2725 0.3275, -4.3287 0.2671 0.3385, -4.3287 0.2644 0.3509, -4.3287 0.264 0.3583, -4.3287 0.2654 0.3714, -4.3287 0.2691 0.3819, -4.3287 0.2754 0.3915, -4.3287 0.2801 0.3962, -4.3287 0.2902 0.4033, -4.3287 0.3029 0.4082, -4.3287 0.3205 0.4103, -4.3287 0.3509 0.4103, -4.3287 0.321 0.398, -4.3287 0.3371 0.398, -4.3287 0.3371 0.3157, -4.3287 0.3216 0.3157, -4.3287 0.2899 0.3269, -4.3287 0.292 0.3249, -4.3287 0.2991 0.3203, -4.3287 0.3083 0.3171, -4.3287 0.2785 0.3579, -4.3287 0.2788 0.3518, -4.3287 0.2807 0.3419, -4.3287 0.2843 0.3339, -4.3287 0.2902 0.388, -4.3287 0.2868 0.3846, -4.3287 0.2828 0.3785, -4.3287 0.2799 0.3705, -4.3287 0.3077 0.3966, -4.3287 0.2984 0.3934
            ]
        }
        coordIndex [
            0,1,2,-1,2,1,3,-1,4,0,5,-1,5,0,2,-1,6,4,7,-1,7,4,5,-1,8,6,9,-1,9,6,7,-1,10,8,11,-1,11,8,9,-1,1,10,3,-1,3,10,11,-1,6,8,4,-1,4,8,10,-1,4,10,0,-1,0,10,1,-1,12,13,14,-1,15,16,14,-1,14,16,17,-1,14,17,12,-1,15,18,16,-1,16,18,19,-1,16,19,20,-1,21,20,22,-1,22,20,19,-1,21,22,23,-1,21,23,24,-1,23,25,24,-1,24,25,26,-1,24,26,27,-1,27,26,28,-1,27,28,29,-1,29,28,30,-1,29,30,31,-1,31,30,32,-1,31,32,33,-1,33,32,34,-1,33,34,35,-1,35,34,36,-1,35,36,37,-1,37,36,38,-1,37,38,39,-1,39,38,40,-1,39,40,41,-1,41,40,42,-1,41,42,43,-1,43,42,44,-1,43,44,45,-1,45,44,46,-1,45,46,47,-1,47,46,48,-1,47,48,49,-1,49,48,50,-1,49,50,51,-1,51,50,52,-1,51,52,53,-1,53,52,54,-1,53,54,55,-1,55,54,56,-1,55,56,57,-1,57,56,58,-1,57,58,59,-1,59,58,60,-1,59,60,61,-1,61,60,62,-1,63,64,62,-1,62,64,65,-1,62,65,61,-1,63,66,64,-1,64,66,67,-1,64,67,68,-1,69,68,70,-1,70,68,67,-1,71,72,73,-1,69,70,74,-1,69,74,75,-1,74,76,75,-1,75,76,77,-1,75,77,73,-1,73,77,78,-1,73,78,71,-1,72,71,79,-1,79,71,80,-1,80,81,79,-1,79,81,82,-1,79,82,83,-1,83,82,84,-1,83,84,85,-1,85,84,86,-1,85,86,87,-1,87,86,88,-1,89,90,88,-1,88,90,91,-1,88,91,87,-1,89,92,90,-1,90,92,93,-1,90,93,94,-1,94,93,95,-1,94,95,96,-1,96,95,97,-1,98,99,97,-1,97,99,100,-1,97,100,96,-1,98,101,99,-1,99,101,102,-1,99,102,103,-1,103,102,104,-1,103,104,105,-1,105,104,106,-1,105,106,107,-1,107,106,108,-1,107,108,109,-1,109,108,110,-1,109,110,111,-1,111,110,13,-1,111,13,12,-1,64,68,69,-1,20,21,16,-1,16,21,24,-1,16,24,17,-1,17,24,27,-1,17,27,12,-1,12,27,29,-1,12,29,111,-1,111,29,31,-1,111,31,109,-1,47,49,91,-1,105,37,103,-1,103,37,39,-1,103,39,99,-1,109,31,107,-1,107,31,33,-1,107,33,105,-1,105,33,35,-1,105,35,37,-1,99,39,100,-1,100,39,41,-1,100,41,96,-1,91,49,87,-1,64,69,65,-1,65,69,75,-1,65,75,61,-1,61,75,73,-1,61,73,59,-1,59,73,72,-1,59,72,57,-1,57,72,79,-1,57,79,55,-1,79,83,55,-1,55,83,85,-1,55,85,53,-1,53,85,87,-1,53,87,51,-1,51,87,49,-1,41,43,96,-1,96,43,45,-1,96,45,94,-1,94,45,47,-1,94,47,90,-1,90,47,91,-1,112,113,114,-1,114,113,115,-1,116,117,118,-1,118,117,112,-1,118,112,114,-1,119,117,120,-1,120,117,116,-1,119,120,121,-1,121,120,122,-1,121,122,123,-1,124,121,125,-1,125,121,123,-1,126,127,128,-1,128,127,124,-1,128,124,125,-1,129,127,130,-1,130,127,126,-1,131,132,133,-1,133,132,129,-1,133,129,130,-1,134,132,135,-1,135,132,131,-1,136,137,138,-1,138,137,134,-1,138,134,135,-1,139,137,140,-1,140,137,136,-1,115,113,141,-1,141,113,139,-1,141,139,140,-1,113,112,139,-1,139,112,117,-1,121,124,119,-1,119,124,127,-1,132,134,129,-1,129,134,137,-1,129,137,127,-1,127,137,139,-1,127,139,119,-1,119,139,117,-1,142,143,144,-1,144,143,145,-1,144,145,146,-1,146,145,147,-1,146,147,148,-1,148,147,149,-1,148,149,150,-1,150,149,151,-1,150,151,152,-1,152,151,153,-1,152,153,154,-1,154,153,155,-1,154,155,156,-1,156,155,157,-1,156,157,158,-1,158,157,159,-1,158,159,160,-1,160,159,161,-1,160,161,162,-1,162,161,163,-1,162,163,164,-1,164,163,165,-1,164,165,166,-1,166,165,167,-1,166,167,168,-1,168,167,169,-1,168,169,170,-1,170,169,171,-1,170,171,172,-1,172,171,173,-1,172,173,174,-1,174,173,175,-1,174,175,176,-1,176,175,177,-1,176,177,142,-1,142,177,143,-1,165,163,178,-1,178,163,179,-1,165,178,180,-1,165,180,167,-1,167,180,181,-1,167,181,169,-1,169,181,182,-1,169,182,171,-1,171,182,183,-1,171,183,173,-1,173,183,184,-1,173,184,175,-1,175,184,185,-1,175,185,177,-1,177,185,186,-1,177,186,143,-1,143,186,187,-1,143,187,145,-1,145,187,188,-1,145,188,147,-1,147,188,189,-1,147,189,149,-1,149,189,190,-1,149,190,151,-1,151,190,191,-1,151,191,153,-1,153,191,192,-1,153,192,155,-1,155,192,193,-1,155,193,157,-1,157,193,194,-1,157,194,159,-1,161,159,195,-1,195,159,194,-1,163,161,179,-1,179,161,195,-1,158,160,196,-1,196,160,197,-1,160,162,197,-1,197,162,198,-1,162,164,198,-1,198,164,199,-1,172,200,201,-1,172,201,170,-1,170,201,202,-1,170,202,168,-1,168,202,203,-1,168,203,166,-1,166,203,199,-1,166,199,164,-1,144,204,205,-1,144,205,142,-1,142,205,206,-1,142,206,176,-1,176,206,207,-1,176,207,174,-1,174,207,200,-1,174,200,172,-1,152,208,209,-1,152,209,150,-1,150,209,210,-1,150,210,148,-1,148,210,211,-1,148,211,146,-1,146,211,204,-1,146,204,144,-1,158,196,212,-1,158,212,156,-1,156,212,213,-1,156,213,154,-1,154,213,208,-1,154,208,152,-1,
        ]
    }
}
Shape{
    appearance Appearance {
        material  Material {
            diffuseColor 0.8431372549019608 0.8156862745098039 0.7529411764705882
            specularColor 0.4235294117647059 0.40784313725490196 0.3764705882352941
            ambientIntensity 0.8167
            transparency 0.0
            shininess 0.5
        }
    }
    geometry IndexedFaceSet {
        ccw TRUE
        solid FALSE
        coord DEF co Coordinate {
            point [
                -4.3287 0.3371 0.398, -4.3287 0.3371 0.3157, -4.3287 0.321 0.398, -4.3287 0.3216 0.3157, -4.3287 0.3083 0.3171, -4.3287 0.2991 0.3203, -4.3287 0.292 0.3249, -4.3287 0.2899 0.3269, -4.3287 0.2843 0.3339, -4.3287 0.2807 0.3419, -4.3287 0.2788 0.3518, -4.3287 0.2785 0.3579, -4.3287 0.2799 0.3705, -4.3287 0.2828 0.3785, -4.3287 0.2868 0.3846, -4.3287 0.2902 0.388, -4.3287 0.3077 0.3966, -4.3287 0.2984 0.3934
            ]
        }
        coordIndex [
            0,1,2,-1,2,1,3,-1,2,3,4,-1,4,5,2,-1,2,5,6,-1,2,6,7,-1,7,8,2,-1,2,8,9,-1,2,9,10,-1,10,11,2,-1,2,11,12,-1,2,12,13,-1,13,14,2,-1,2,14,15,-1,2,15,16,-1,16,15,17,-1,
        ]
    }
}
Shape{
    appearance Appearance {
        material  Material {
            diffuseColor 0.07058823529411765 0.07058823529411765 0.07058823529411765
            specularColor 0.00392156862745098 0.00392156862745098 0.00392156862745098
            ambientIntensity 0.102
            transparency 0.0
            shininess 0.5
        }
    }
    geometry IndexedFaceSet {
        ccw TRUE
        solid FALSE
        coord DEF co Coordinate {
            point [
                -4.3327 0.2282 0.3448, -4.3327 0.2123 0.3892, -4.3327 0.2174 0.4103, -4.3327 0.2581 0.3036, -4.3327 0.2428 0.3036, -4.3327 0.2326 0.3328, -4.3327 0.2113 0.3924, -4.3327 0.2105 0.3967, -4.3327 0.2027 0.4103, -4.3327 0.2102 0.3967, -4.3327 0.2093 0.3922, -4.3327 0.2085 0.3892, -4.3327 0.1924 0.3448, -4.3327 0.162 0.3036, -4.3327 0.1772 0.3036, -4.3327 0.1881 0.3328, -4.3287 0.2027 0.4103, -4.3287 0.162 0.3036, -4.3287 0.2174 0.4103, -4.3287 0.2581 0.3036, -4.3287 0.2273 0.3843, -4.3287 0.2428 0.3036, -4.3287 0.2326 0.3328, -4.3287 0.1881 0.3328, -4.3287 0.2273 0.3328, -4.3287 0.1772 0.3036, -4.3287 0.2282 0.3448, -4.3287 0.1924 0.3448, -4.3287 0.2085 0.3892, -4.3287 0.2102 0.3967, -4.3287 0.2093 0.3922, -4.3287 0.2105 0.3967, -4.3287 0.2123 0.3892, -4.3287 0.2113 0.3924
            ]
        }
        coordIndex [
            0,1,2,-1,3,4,5,-1,1,6,2,-1,2,6,7,-1,2,7,8,-1,8,7,9,-1,8,9,10,-1,10,11,8,-1,8,11,12,-1,8,12,13,-1,14,13,15,-1,15,13,12,-1,15,12,5,-1,5,12,0,-1,5,0,3,-1,3,0,2,-1,8,13,16,-1,16,13,17,-1,2,8,18,-1,18,8,16,-1,19,3,20,-1,20,3,2,-1,20,2,18,-1,4,3,21,-1,21,3,19,-1,5,4,22,-1,22,4,21,-1,23,15,24,-1,24,15,5,-1,24,5,22,-1,14,15,25,-1,25,15,23,-1,13,14,17,-1,17,14,25,-1,0,12,26,-1,26,12,27,-1,12,11,27,-1,27,11,28,-1,9,29,30,-1,9,30,10,-1,10,30,28,-1,10,28,11,-1,9,7,29,-1,29,7,31,-1,1,32,33,-1,1,33,6,-1,6,33,31,-1,6,31,7,-1,1,0,32,-1,32,0,26,-1,
        ]
    }
}
Shape{
    appearance Appearance {
        material  Material {
            diffuseColor 0.8431372549019608 0.8156862745098039 0.7529411764705882
            specularColor 0.4235294117647059 0.40784313725490196 0.3764705882352941
            ambientIntensity 0.8167
            transparency 0.0
            shininess 0.5
        }
    }
    geometry IndexedFaceSet {
        ccw TRUE
        solid FALSE
        coord DEF co Coordinate {
            point [
                -4.3287 0.2102 0.3967, -4.3287 0.2105 0.3967, -4.3287 0.2093 0.3922, -4.3287 0.2113 0.3924, -4.3287 0.2085 0.3892, -4.3287 0.2123 0.3892, -4.3287 0.1924 0.3448, -4.3287 0.2282 0.3448
            ]
        }
        coordIndex [
            0,1,2,-1,2,1,3,-1,2,3,4,-1,4,3,5,-1,4,5,6,-1,6,5,7,-1,
        ]
    }
}
Shape{
    appearance Appearance {
        material  Material {
            diffuseColor 0.07058823529411765 0.07058823529411765 0.07058823529411765
            specularColor 0.00392156862745098 0.00392156862745098 0.00392156862745098
            ambientIntensity 0.102
            transparency 0.0
            shininess 0.5
        }
    }
    geometry IndexedFaceSet {
        ccw TRUE
        solid FALSE
        coord DEF co Coordinate {
            point [
                -4.3327 0.5331 0.1464, -4.3327 0.5331 0.1342, -4.3287 0.5331 0.1464, -4.3287 0.5331 0.1342, -4.3327 0.5767 0.1464, -4.3287 0.5767 0.1464, -4.3327 0.5767 0.1823, -4.3287 0.5767 0.1823, -4.3327 0.5385 0.1823, -4.3287 0.5385 0.1823, -4.3327 0.5385 0.1945, -4.3287 0.5385 0.1945, -4.3327 0.5767 0.1945, -4.3287 0.5767 0.1945, -4.3327 0.5767 0.2287, -4.3287 0.5767 0.2287, -4.3327 0.5355 0.2287, -4.3287 0.5355 0.2287, -4.3327 0.5355 0.241, -4.3287 0.5355 0.241, -4.3327 0.5905 0.241, -4.3287 0.5905 0.241, -4.3327 0.5905 0.1342, -4.3287 0.5905 0.1342, -4.3327 0.4724 0.1342, -4.3327 0.459 0.1342, -4.3327 0.4724 0.146, -4.3327 0.459 0.1833, -4.3327 0.4724 0.1827, -4.3327 0.5012 0.1668, -4.3327 0.4979 0.1683, -4.3327 0.4727 0.146, -4.3327 0.4798 0.1479, -4.3327 0.4748 0.1428, -4.3327 0.4835 0.1454, -4.3327 0.4902 0.1701, -4.3327 0.4724 0.1725, -4.3327 0.4724 0.1651, -4.3327 0.4724 0.1643, -4.3327 0.4732 0.1583, -4.3327 0.4752 0.1535, -4.3327 0.4781 0.1496, -4.3327 0.4728 0.1886, -4.3327 0.4601 0.1935, -4.3327 0.4742 0.1933, -4.3327 0.4622 0.1996, -4.3327 0.4758 0.1961, -4.3327 0.4649 0.2039, -4.3327 0.4778 0.1982, -4.3327 0.4685 0.2073, -4.3327 0.4802 0.1998, -4.3327 0.4729 0.2098, -4.3327 0.4833 0.2009, -4.3327 0.4786 0.2115, -4.3327 0.4878 0.2013, -4.3327 0.4865 0.2122, -4.3327 0.495 0.2007, -4.3327 0.4991 0.2108, -4.3327 0.5033 0.198, -4.3327 0.5092 0.2071, -4.3327 0.5128 0.1921, -4.3327 0.5128 0.2051, -4.3327 0.504 0.1479, -4.3327 0.5137 0.1384, -4.3327 0.5028 0.1468, -4.3327 0.5092 0.1353, -4.3327 0.5001 0.145, -4.3327 0.5041 0.1333, -4.3327 0.4971 0.1439, -4.3327 0.4961 0.1324, -4.3327 0.4926 0.1434, -4.3327 0.4892 0.1332, -4.3327 0.4876 0.1439, -4.3327 0.4838 0.1351, -4.3327 0.479 0.1383, -4.3327 0.5066 0.1578, -4.3327 0.5202 0.1562, -4.3327 0.5067 0.1557, -4.3327 0.5203 0.1546, -4.3327 0.5063 0.1526, -4.3327 0.5196 0.1485, -4.3327 0.5055 0.1502, -4.3327 0.518 0.144, -4.3327 0.5152 0.1399, -4.3327 0.495 0.1795, -4.3327 0.5051 0.177, -4.3327 0.5031 0.1654, -4.3327 0.5108 0.1741, -4.3327 0.5047 0.1634, -4.3327 0.5149 0.1705, -4.3327 0.5059 0.1609, -4.3327 0.5175 0.1667, -4.3327 0.5194 0.162, -4.3287 0.4865 0.2122, -4.3287 0.4991 0.2108, -4.3287 0.5092 0.2071, -4.3287 0.5128 0.2051, -4.3287 0.5128 0.1921, -4.3287 0.5033 0.198, -4.3287 0.495 0.2007, -4.3287 0.4878 0.2013, -4.3287 0.4833 0.2009, -4.3287 0.4802 0.1998, -4.3287 0.4778 0.1982, -4.3287 0.4758 0.1961, -4.3287 0.4742 0.1933, -4.3287 0.4728 0.1886, -4.3287 0.4724 0.1827, -4.3287 0.495 0.1795, -4.3287 0.5051 0.177, -4.3287 0.5108 0.1741, -4.3287 0.5149 0.1705, -4.3287 0.5175 0.1667, -4.3287 0.5194 0.162, -4.3287 0.5202 0.1562, -4.3287 0.5203 0.1546, -4.3287 0.5196 0.1485, -4.3287 0.518 0.144, -4.3287 0.5152 0.1399, -4.3287 0.5137 0.1384, -4.3287 0.4961 0.1324, -4.3287 0.5038 0.1333, -4.3287 0.5041 0.1333, -4.3287 0.5092 0.1353, -4.3287 0.4892 0.1332, -4.3287 0.4888 0.1333, -4.3287 0.4838 0.1351, -4.3287 0.479 0.1383, -4.3287 0.4748 0.1428, -4.3287 0.4727 0.146, -4.3287 0.4724 0.146, -4.3287 0.4724 0.1342, -4.3287 0.459 0.1342, -4.3287 0.459 0.1833, -4.3287 0.4601 0.1935, -4.3287 0.4622 0.1996, -4.3287 0.4649 0.2039, -4.3287 0.4685 0.2073, -4.3287 0.4729 0.2098, -4.3287 0.4786 0.2115, -4.3287 0.5031 0.1654, -4.3287 0.5012 0.1668, -4.3287 0.4979 0.1683, -4.3287 0.4902 0.1701, -4.3287 0.5067 0.1557, -4.3287 0.5066 0.1578, -4.3287 0.5059 0.1609, -4.3287 0.5047 0.1634, -4.3287 0.5028 0.1468, -4.3287 0.504 0.1479, -4.3287 0.5055 0.1502, -4.3287 0.5063 0.1526, -4.3287 0.4926 0.1434, -4.3287 0.4971 0.1439, -4.3287 0.5001 0.145, -4.3287 0.4781 0.1496, -4.3287 0.4798 0.1479, -4.3287 0.4835 0.1454, -4.3287 0.4876 0.1439, -4.3287 0.4724 0.1651, -4.3287 0.4724 0.1643, -4.3287 0.4732 0.1583, -4.3287 0.4752 0.1535, -4.3287 0.4724 0.1725
            ]
        }
        coordIndex [
            0,1,2,-1,2,1,3,-1,4,0,5,-1,5,0,2,-1,6,4,7,-1,7,4,5,-1,8,6,9,-1,9,6,7,-1,10,8,11,-1,11,8,9,-1,12,10,13,-1,13,10,11,-1,14,12,15,-1,15,12,13,-1,16,14,17,-1,17,14,15,-1,18,16,19,-1,19,16,17,-1,20,18,21,-1,21,18,19,-1,22,20,23,-1,23,20,21,-1,1,22,3,-1,3,22,23,-1,22,1,0,-1,0,4,22,-1,22,4,6,-1,22,6,20,-1,16,18,14,-1,14,18,20,-1,14,20,12,-1,12,20,6,-1,12,6,10,-1,10,6,8,-1,24,25,26,-1,26,25,27,-1,28,29,30,-1,31,32,33,-1,33,32,34,-1,35,36,27,-1,27,36,37,-1,37,38,27,-1,27,38,39,-1,27,39,26,-1,26,39,40,-1,26,40,31,-1,31,40,41,-1,31,41,32,-1,30,35,28,-1,28,35,27,-1,28,27,42,-1,42,27,43,-1,42,43,44,-1,44,43,45,-1,44,45,46,-1,46,45,47,-1,46,47,48,-1,48,47,49,-1,48,49,50,-1,50,49,51,-1,50,51,52,-1,52,51,53,-1,52,53,54,-1,54,53,55,-1,54,55,56,-1,56,55,57,-1,56,57,58,-1,58,57,59,-1,58,59,60,-1,60,59,61,-1,62,63,64,-1,64,63,65,-1,64,65,66,-1,66,65,67,-1,66,67,68,-1,68,67,69,-1,68,69,70,-1,70,69,71,-1,70,71,72,-1,72,71,73,-1,72,73,34,-1,34,73,74,-1,34,74,33,-1,75,76,77,-1,77,76,78,-1,77,78,79,-1,79,78,80,-1,79,80,81,-1,81,80,82,-1,81,82,62,-1,62,82,83,-1,62,83,63,-1,28,84,29,-1,29,84,85,-1,29,85,86,-1,86,85,87,-1,86,87,88,-1,88,87,89,-1,88,89,90,-1,90,89,91,-1,90,91,75,-1,75,91,92,-1,75,92,76,-1,55,93,94,-1,55,94,57,-1,57,94,95,-1,57,95,59,-1,59,95,96,-1,59,96,61,-1,60,61,97,-1,97,61,96,-1,60,97,98,-1,60,98,58,-1,58,98,99,-1,58,99,56,-1,56,99,100,-1,56,100,54,-1,54,100,101,-1,54,101,52,-1,52,101,102,-1,52,102,50,-1,50,102,103,-1,50,103,48,-1,48,103,104,-1,48,104,46,-1,46,104,105,-1,46,105,44,-1,44,105,106,-1,44,106,42,-1,42,106,107,-1,42,107,28,-1,84,28,108,-1,108,28,107,-1,84,108,109,-1,84,109,85,-1,85,109,110,-1,85,110,87,-1,87,110,111,-1,87,111,89,-1,89,111,112,-1,89,112,91,-1,91,112,113,-1,91,113,92,-1,92,113,114,-1,92,114,76,-1,76,114,115,-1,76,115,78,-1,78,115,116,-1,78,116,80,-1,80,116,117,-1,80,117,82,-1,82,117,118,-1,82,118,83,-1,83,118,119,-1,83,119,63,-1,120,69,121,-1,121,69,67,-1,121,67,122,-1,122,67,65,-1,122,65,123,-1,123,65,63,-1,123,63,119,-1,69,120,124,-1,69,124,71,-1,71,124,125,-1,71,125,73,-1,125,126,73,-1,73,126,127,-1,73,127,74,-1,74,127,128,-1,74,128,33,-1,33,128,129,-1,33,129,31,-1,26,31,130,-1,130,31,129,-1,24,26,131,-1,131,26,130,-1,25,24,132,-1,132,24,131,-1,27,25,133,-1,133,25,132,-1,27,133,134,-1,27,134,43,-1,43,134,135,-1,43,135,45,-1,45,135,136,-1,45,136,47,-1,47,136,137,-1,47,137,49,-1,49,137,138,-1,49,138,51,-1,51,138,139,-1,51,139,53,-1,53,139,93,-1,53,93,55,-1,86,140,141,-1,86,141,29,-1,29,141,142,-1,29,142,30,-1,30,142,143,-1,30,143,35,-1,77,144,145,-1,77,145,75,-1,75,145,146,-1,75,146,90,-1,90,146,147,-1,90,147,88,-1,88,147,140,-1,88,140,86,-1,64,148,149,-1,64,149,62,-1,62,149,150,-1,62,150,81,-1,81,150,151,-1,81,151,79,-1,79,151,144,-1,79,144,77,-1,70,152,153,-1,70,153,68,-1,68,153,154,-1,68,154,66,-1,66,154,148,-1,66,148,64,-1,41,155,156,-1,41,156,32,-1,32,156,157,-1,32,157,34,-1,34,157,158,-1,34,158,72,-1,72,158,152,-1,72,152,70,-1,37,159,160,-1,37,160,38,-1,38,160,161,-1,38,161,39,-1,39,161,162,-1,39,162,40,-1,40,162,155,-1,40,155,41,-1,37,36,159,-1,159,36,163,-1,36,35,163,-1,163,35,143,-1,
        ]
    }
}
Shape{
    appearance Appearance {
        material  Material {
            diffuseColor 0.8431372549019608 0.8156862745098039 0.7529411764705882
            specularColor 0.4235294117647059 0.40784313725490196 0.3764705882352941
            ambientIntensity 0.8167
            transparency 0.0
            shininess 0.5
        }
    }
    geometry IndexedFaceSet {
        ccw TRUE
        solid FALSE
        coord DEF co Coordinate {
            point [
                -4.3287 0.4724 0.1725, -4.3287 0.4902 0.1701, -4.3287 0.4724 0.1651, -4.3287 0.4979 0.1683, -4.3287 0.5012 0.1668, -4.3287 0.5031 0.1654, -4.3287 0.4724 0.1643, -4.3287 0.4732 0.1583, -4.3287 0.5047 0.1634, -4.3287 0.4752 0.1535, -4.3287 0.504 0.1479, -4.3287 0.5028 0.1468, -4.3287 0.4798 0.1479, -4.3287 0.5055 0.1502, -4.3287 0.4835 0.1454, -4.3287 0.4876 0.1439, -4.3287 0.4926 0.1434, -4.3287 0.5059 0.1609, -4.3287 0.5066 0.1578, -4.3287 0.4781 0.1496, -4.3287 0.5067 0.1557, -4.3287 0.5063 0.1526, -4.3287 0.5001 0.145, -4.3287 0.4971 0.1439
            ]
        }
        coordIndex [
            0,1,2,-1,2,1,3,-1,3,4,2,-1,2,4,5,-1,2,5,6,-1,6,5,7,-1,7,5,8,-1,7,8,9,-1,10,11,12,-1,10,12,13,-1,14,12,15,-1,15,12,16,-1,8,17,9,-1,9,17,18,-1,9,18,19,-1,19,18,20,-1,19,20,12,-1,12,20,21,-1,12,21,13,-1,11,22,12,-1,12,22,23,-1,12,23,16,-1,
        ]
    }
}
Shape{
    appearance Appearance {
        material  Material {
            diffuseColor 0.07058823529411765 0.07058823529411765 0.07058823529411765
            specularColor 0.00392156862745098 0.00392156862745098 0.00392156862745098
            ambientIntensity 0.102
            transparency 0.0
            shininess 0.5
        }
    }
    geometry IndexedFaceSet {
        ccw TRUE
        solid FALSE
        coord DEF co Coordinate {
            point [
                -4.3287 0.4409 0.1507, -4.3327 0.4409 0.1507, -4.3327 0.4356 0.1474, -4.3327 0.4189 0.1433, -4.3287 0.4189 0.1433, -4.3287 0.4273 0.1443, -4.3327 0.4273 0.1443, -4.3287 0.4347 0.1471, -4.3287 0.4356 0.1474, -4.3327 0.4409 0.1369, -4.3287 0.4409 0.1369, -4.3327 0.4313 0.1335, -4.3287 0.4347 0.1347, -4.3287 0.4202 0.1324, -4.3327 0.4202 0.1324, -4.3287 0.429 0.1333, -4.3287 0.4313 0.1335, -4.3327 0.4083 0.1338, -4.3287 0.4124 0.1333, -4.3287 0.4083 0.1338, -4.3287 0.4012 0.1365, -4.3327 0.4012 0.1365, -4.3287 0.398 0.1385, -4.3327 0.398 0.1385, -4.3287 0.3941 0.1418, -4.3327 0.3941 0.1418, -4.3287 0.3916 0.1453, -4.3327 0.3916 0.1453, -4.3287 0.39 0.1496, -4.3327 0.39 0.1496, -4.3287 0.3894 0.1549, -4.3327 0.3894 0.1549, -4.3287 0.3899 0.1599, -4.3327 0.3899 0.1599, -4.3287 0.3913 0.1639, -4.3327 0.3913 0.1639, -4.3287 0.3938 0.1675, -4.3327 0.3938 0.1675, -4.3287 0.397 0.1704, -4.3327 0.397 0.1704, -4.3287 0.4059 0.1753, -4.3327 0.4059 0.1753, -4.3287 0.4111 0.1774, -4.3327 0.4111 0.1774, -4.3287 0.4194 0.181, -4.3327 0.4194 0.181, -4.3287 0.4241 0.184, -4.3327 0.4241 0.184, -4.3287 0.4254 0.1854, -4.3327 0.4254 0.1854, -4.3287 0.4263 0.1872, -4.3327 0.4263 0.1872, -4.3287 0.4269 0.1893, -4.3327 0.4269 0.1893, -4.3287 0.427 0.1911, -4.3327 0.427 0.1911, -4.3287 0.4268 0.1932, -4.3327 0.4268 0.1932, -4.3287 0.4261 0.195, -4.3327 0.4261 0.195, -4.3287 0.425 0.1967, -4.3327 0.425 0.1967, -4.3287 0.4229 0.1985, -4.3327 0.4229 0.1985, -4.3287 0.4199 0.2001, -4.3327 0.4199 0.2001, -4.3287 0.4164 0.201, -4.3327 0.4164 0.201, -4.3287 0.4124 0.2013, -4.3327 0.4124 0.2013, -4.3287 0.4036 0.2003, -4.3327 0.4036 0.2003, -4.3287 0.3961 0.1976, -4.3327 0.3961 0.1976, -4.3287 0.393 0.1958, -4.3327 0.393 0.1958, -4.3327 0.393 0.2088, -4.3287 0.393 0.2088, -4.3287 0.4034 0.2116, -4.3327 0.4034 0.2116, -4.3287 0.4111 0.2122, -4.3327 0.4111 0.2122, -4.3287 0.421 0.2111, -4.3327 0.421 0.2111, -4.3287 0.4283 0.2085, -4.3327 0.4283 0.2085, -4.3287 0.4322 0.2061, -4.3327 0.4322 0.2061, -4.3287 0.4347 0.2039, -4.3327 0.4362 0.2026, -4.3287 0.4362 0.2026, -4.3287 0.4387 0.199, -4.3327 0.4387 0.199, -4.3287 0.4403 0.1946, -4.3327 0.4403 0.1946, -4.3287 0.4408 0.1899, -4.3327 0.4408 0.1899, -4.3287 0.4402 0.1847, -4.3327 0.4402 0.1847, -4.3287 0.4387 0.1806, -4.3327 0.4387 0.1806, -4.3287 0.437 0.1778, -4.3327 0.437 0.1778, -4.3287 0.4205 0.1677, -4.3327 0.4205 0.1677, -4.3327 0.4285 0.1714, -4.3287 0.4348 0.1755, -4.3327 0.4348 0.1755, -4.3287 0.4347 0.1754, -4.3287 0.4285 0.1714, -4.3287 0.4118 0.164, -4.3327 0.4118 0.164, -4.3287 0.4065 0.1609, -4.3327 0.4065 0.1609, -4.3287 0.4049 0.1591, -4.3327 0.4049 0.1591, -4.3287 0.4038 0.1574, -4.3327 0.4038 0.1574, -4.3287 0.4032 0.1553, -4.3327 0.4032 0.1553, -4.3287 0.4031 0.1536, -4.3327 0.4031 0.1536, -4.3287 0.4034 0.1511, -4.3327 0.4034 0.1511, -4.3287 0.4041 0.1492, -4.3327 0.4041 0.1492, -4.3287 0.4052 0.1474, -4.3327 0.4052 0.1474, -4.3287 0.4068 0.1461, -4.3327 0.4068 0.1461, -4.3287 0.408 0.1453, -4.3327 0.408 0.1453, -4.3287 0.4114 0.1441, -4.3327 0.4114 0.1441, -4.3287 0.4183 0.1433, -4.3327 0.4183 0.1433, -4.3327 0.3231 0.2104, -4.3327 0.3092 0.2104, -4.3287 0.3231 0.2104, -4.3287 0.3092 0.2104, -4.3327 0.3439 0.153, -4.3287 0.3439 0.153, -4.3287 0.3449 0.1495, -4.3327 0.3449 0.1495, -4.3287 0.3455 0.1469, -4.3327 0.3455 0.1469, -4.3327 0.3459 0.1469, -4.3287 0.3459 0.1469, -4.3327 0.3475 0.1531, -4.3287 0.3475 0.1531, -4.3287 0.3675 0.2104, -4.3327 0.3675 0.2104, -4.3287 0.361 0.1919, -4.3327 0.3824 0.2104, -4.3287 0.3824 0.2104, -4.3287 0.3525 0.1344, -4.3327 0.3525 0.1344, -4.3287 0.361 0.156, -4.3287 0.3584 0.1205, -4.3327 0.3584 0.1205, -4.3287 0.3529 0.1333, -4.3287 0.361 0.1157, -4.3327 0.361 0.1157, -4.3287 0.361 0.1157, -4.3327 0.3635 0.1129, -4.3287 0.3635 0.1129, -4.3287 0.3659 0.1112, -4.3327 0.3659 0.1112, -4.3287 0.3689 0.1101, -4.3327 0.3689 0.1101, -4.3287 0.3721 0.1097, -4.3327 0.3721 0.1097, -4.3287 0.3769 0.1104, -4.3327 0.3769 0.1104, -4.3287 0.3797 0.1113, -4.3327 0.3797 0.1113, -4.3327 0.3797 0.0994, -4.3287 0.3797 0.0994, -4.3287 0.374 0.0984, -4.3327 0.374 0.0984, -4.3287 0.371 0.0983, -4.3327 0.371 0.0983, -4.3287 0.3656 0.0989, -4.3327 0.3656 0.0989, -4.3287 0.361 0.1007, -4.3327 0.3603 0.1009, -4.3287 0.3603 0.1009, -4.3287 0.3557 0.1042, -4.3327 0.3557 0.1042, -4.3287 0.3548 0.105, -4.3327 0.3548 0.105, -4.3287 0.3499 0.1109, -4.3327 0.3499 0.1109, -4.3287 0.3438 0.1227, -4.3327 0.3438 0.1227, -4.3287 0.3396 0.1333, -4.3327 0.2374 0.1464, -4.3327 0.2374 0.1342, -4.3287 0.2374 0.1464, -4.3287 0.2374 0.1342, -4.3287 0.281 0.1464, -4.3327 0.281 0.1464, -4.3287 0.261 0.1464, -4.3327 0.281 0.1823, -4.3287 0.281 0.1823, -4.3287 0.2428 0.1823, -4.3327 0.2428 0.1823, -4.3287 0.261 0.1823, -4.3327 0.2428 0.1945, -4.3287 0.2428 0.1945, -4.3287 0.281 0.1945, -4.3327 0.281 0.1945, -4.3287 0.261 0.1945, -4.3327 0.281 0.2287, -4.3287 0.281 0.2287, -4.3287 0.2398 0.2287, -4.3327 0.2398 0.2287, -4.3287 0.261 0.2287, -4.3327 0.2398 0.241, -4.3287 0.2398 0.241, -4.3287 0.2948 0.241, -4.3327 0.2948 0.241, -4.3287 0.261 0.241, -4.3327 0.2948 0.1342, -4.3287 0.2948 0.1342, -4.3287 0.261 0.1342, -4.3327 0.1451 0.1825, -4.3327 0.1307 0.1815, -4.3327 0.1448 0.1886, -4.3327 0.1303 0.1889, -4.3327 0.1462 0.2012, -4.3327 0.1317 0.2021, -4.3327 0.1491 0.2092, -4.3327 0.1354 0.2125, -4.3327 0.1531 0.2153, -4.3327 0.1417 0.2221, -4.3327 0.1565 0.2186, -4.3327 0.1464 0.2268, -4.3327 0.1647 0.224, -4.3327 0.1565 0.2339, -4.3327 0.1741 0.2273, -4.3327 0.1692 0.2389, -4.3327 0.1873 0.2287, -4.3327 0.1868 0.241, -4.3327 0.2034 0.2287, -4.3327 0.2172 0.241, -4.3327 0.2034 0.1464, -4.3327 0.2172 0.1342, -4.3327 0.1879 0.1464, -4.3327 0.1879 0.1342, -4.3327 0.1746 0.1478, -4.3327 0.17 0.1363, -4.3327 0.1654 0.151, -4.3327 0.1578 0.141, -4.3327 0.1583 0.1556, -4.3327 0.1475 0.1482, -4.3327 0.1562 0.1575, -4.3327 0.1464 0.1491, -4.3327 0.1506 0.1645, -4.3327 0.1388 0.1581, -4.3327 0.147 0.1725, -4.3327 0.1334 0.1691, -4.3287 0.1879 0.1342, -4.3287 0.2172 0.1342, -4.3287 0.17 0.1363, -4.3287 0.1578 0.141, -4.3287 0.1475 0.1482, -4.3287 0.1464 0.1491, -4.3287 0.1388 0.1581, -4.3287 0.1334 0.1691, -4.3287 0.1307 0.1815, -4.3287 0.1303 0.1889, -4.3287 0.1317 0.2021, -4.3287 0.1354 0.2125, -4.3287 0.1417 0.2221, -4.3287 0.1464 0.2268, -4.3287 0.1565 0.2339, -4.3287 0.1692 0.2389, -4.3287 0.1868 0.241, -4.3287 0.2172 0.241, -4.3287 0.1873 0.2287, -4.3287 0.2034 0.2287, -4.3287 0.2034 0.1464, -4.3287 0.1879 0.1464, -4.3287 0.1562 0.1575, -4.3287 0.1583 0.1556, -4.3287 0.1654 0.151, -4.3287 0.1746 0.1478, -4.3287 0.1448 0.1886, -4.3287 0.1451 0.1825, -4.3287 0.147 0.1725, -4.3287 0.1506 0.1645, -4.3287 0.1565 0.2186, -4.3287 0.1531 0.2153, -4.3287 0.1491 0.2092, -4.3287 0.1462 0.2012, -4.3287 0.1741 0.2273, -4.3287 0.1647 0.224
            ]
        }
        coordIndex [
            0,1,2,-1,3,4,5,-1,3,5,6,-1,6,5,7,-1,6,7,2,-1,2,7,8,-1,2,8,0,-1,9,1,10,-1,10,1,0,-1,9,10,11,-1,11,10,12,-1,13,14,15,-1,15,14,11,-1,15,11,16,-1,16,11,12,-1,14,13,17,-1,17,13,18,-1,18,19,17,-1,17,19,20,-1,17,20,21,-1,21,20,22,-1,21,22,23,-1,23,22,24,-1,23,24,25,-1,25,24,26,-1,25,26,27,-1,27,26,28,-1,27,28,29,-1,29,28,30,-1,29,30,31,-1,31,30,32,-1,31,32,33,-1,33,32,34,-1,33,34,35,-1,35,34,36,-1,35,36,37,-1,37,36,38,-1,37,38,39,-1,39,38,40,-1,39,40,41,-1,41,40,42,-1,41,42,43,-1,43,42,44,-1,43,44,45,-1,45,44,46,-1,45,46,47,-1,47,46,48,-1,47,48,49,-1,49,48,50,-1,49,50,51,-1,51,50,52,-1,51,52,53,-1,53,52,54,-1,53,54,55,-1,55,54,56,-1,55,56,57,-1,57,56,58,-1,57,58,59,-1,59,58,60,-1,59,60,61,-1,61,60,62,-1,61,62,63,-1,63,62,64,-1,63,64,65,-1,65,64,66,-1,65,66,67,-1,67,66,68,-1,67,68,69,-1,69,68,70,-1,69,70,71,-1,71,70,72,-1,71,72,73,-1,73,72,74,-1,73,74,75,-1,76,75,77,-1,77,75,74,-1,76,77,78,-1,76,78,79,-1,79,78,80,-1,79,80,81,-1,81,80,82,-1,81,82,83,-1,83,82,84,-1,83,84,85,-1,85,84,86,-1,85,86,87,-1,86,88,87,-1,87,88,89,-1,88,90,89,-1,89,90,91,-1,89,91,92,-1,92,91,93,-1,92,93,94,-1,94,93,95,-1,94,95,96,-1,96,95,97,-1,96,97,98,-1,98,97,99,-1,98,99,100,-1,100,99,101,-1,100,101,102,-1,103,104,105,-1,102,101,106,-1,102,106,107,-1,107,106,108,-1,107,108,105,-1,105,108,109,-1,105,109,103,-1,104,103,110,-1,104,110,111,-1,111,110,112,-1,111,112,113,-1,113,112,114,-1,113,114,115,-1,115,114,116,-1,115,116,117,-1,117,116,118,-1,117,118,119,-1,119,118,120,-1,119,120,121,-1,121,120,122,-1,121,122,123,-1,123,122,124,-1,123,124,125,-1,125,124,126,-1,125,126,127,-1,127,126,128,-1,127,128,129,-1,129,128,130,-1,129,130,131,-1,131,130,132,-1,131,132,133,-1,133,132,134,-1,133,134,135,-1,135,134,4,-1,135,4,3,-1,61,63,85,-1,85,63,83,-1,111,43,104,-1,104,43,45,-1,21,23,127,-1,127,23,25,-1,127,25,125,-1,125,25,27,-1,125,27,123,-1,123,27,29,-1,123,29,121,-1,121,29,31,-1,121,31,119,-1,119,31,33,-1,119,33,117,-1,117,33,35,-1,117,35,115,-1,115,35,37,-1,115,37,113,-1,113,37,39,-1,113,39,111,-1,111,39,41,-1,111,41,43,-1,14,3,11,-1,11,3,6,-1,11,6,9,-1,9,6,2,-1,9,2,1,-1,63,65,83,-1,83,65,67,-1,83,67,81,-1,81,67,69,-1,81,69,79,-1,79,69,71,-1,79,71,76,-1,76,71,73,-1,76,73,75,-1,127,129,21,-1,21,129,131,-1,21,131,17,-1,17,131,133,-1,17,133,14,-1,14,133,135,-1,14,135,3,-1,85,87,61,-1,61,87,89,-1,61,89,59,-1,59,89,92,-1,59,92,57,-1,57,92,94,-1,57,94,55,-1,55,94,96,-1,55,96,53,-1,53,96,98,-1,53,98,51,-1,51,98,100,-1,51,100,49,-1,49,100,102,-1,49,102,47,-1,47,102,107,-1,47,107,45,-1,45,107,105,-1,45,105,104,-1,136,137,138,-1,138,137,139,-1,140,136,141,-1,141,136,138,-1,140,141,142,-1,140,142,143,-1,143,142,144,-1,143,144,145,-1,146,145,147,-1,147,145,144,-1,148,146,149,-1,149,146,147,-1,150,151,152,-1,152,151,148,-1,152,148,149,-1,153,151,154,-1,154,151,150,-1,155,156,157,-1,157,156,153,-1,157,153,154,-1,158,159,160,-1,160,159,156,-1,160,156,155,-1,159,158,161,-1,159,161,162,-1,162,161,163,-1,162,163,164,-1,163,165,164,-1,164,165,166,-1,164,166,167,-1,167,166,168,-1,167,168,169,-1,169,168,170,-1,169,170,171,-1,171,170,172,-1,171,172,173,-1,173,172,174,-1,173,174,175,-1,176,175,177,-1,177,175,174,-1,176,177,178,-1,176,178,179,-1,179,178,180,-1,179,180,181,-1,181,180,182,-1,181,182,183,-1,183,182,184,-1,183,184,185,-1,184,186,185,-1,185,186,187,-1,185,187,188,-1,188,187,189,-1,188,189,190,-1,190,189,191,-1,190,191,192,-1,192,191,193,-1,192,193,194,-1,139,137,195,-1,195,137,194,-1,195,194,193,-1,143,145,194,-1,137,136,194,-1,194,136,140,-1,194,140,143,-1,151,153,148,-1,148,153,156,-1,148,156,146,-1,192,162,190,-1,190,162,164,-1,175,176,173,-1,173,176,179,-1,173,179,171,-1,171,179,181,-1,171,181,169,-1,169,181,183,-1,169,183,167,-1,167,183,185,-1,167,185,164,-1,164,185,188,-1,164,188,190,-1,145,146,194,-1,194,146,156,-1,194,156,192,-1,192,156,159,-1,192,159,162,-1,196,197,198,-1,198,197,199,-1,200,201,202,-1,202,201,196,-1,202,196,198,-1,203,201,204,-1,204,201,200,-1,205,206,207,-1,207,206,203,-1,207,203,204,-1,208,206,209,-1,209,206,205,-1,210,211,212,-1,212,211,208,-1,212,208,209,-1,213,211,214,-1,214,211,210,-1,215,216,217,-1,217,216,213,-1,217,213,214,-1,218,216,219,-1,219,216,215,-1,220,221,222,-1,222,221,218,-1,222,218,219,-1,223,221,224,-1,224,221,220,-1,199,197,225,-1,225,197,223,-1,225,223,224,-1,197,196,223,-1,223,196,201,-1,206,208,203,-1,203,208,211,-1,216,218,213,-1,213,218,221,-1,213,221,211,-1,211,221,223,-1,211,223,203,-1,203,223,201,-1,226,227,228,-1,228,227,229,-1,228,229,230,-1,230,229,231,-1,230,231,232,-1,232,231,233,-1,232,233,234,-1,234,233,235,-1,234,235,236,-1,236,235,237,-1,236,237,238,-1,238,237,239,-1,238,239,240,-1,240,239,241,-1,240,241,242,-1,242,241,243,-1,242,243,244,-1,244,243,245,-1,244,245,246,-1,246,245,247,-1,246,247,248,-1,248,247,249,-1,248,249,250,-1,250,249,251,-1,250,251,252,-1,252,251,253,-1,252,253,254,-1,254,253,255,-1,254,255,256,-1,256,255,257,-1,256,257,258,-1,258,257,259,-1,258,259,260,-1,260,259,261,-1,260,261,226,-1,226,261,227,-1,249,247,262,-1,262,247,263,-1,249,262,264,-1,249,264,251,-1,251,264,265,-1,251,265,253,-1,253,265,266,-1,253,266,255,-1,255,266,267,-1,255,267,257,-1,257,267,268,-1,257,268,259,-1,259,268,269,-1,259,269,261,-1,261,269,270,-1,261,270,227,-1,227,270,271,-1,227,271,229,-1,229,271,272,-1,229,272,231,-1,231,272,273,-1,231,273,233,-1,233,273,274,-1,233,274,235,-1,235,274,275,-1,235,275,237,-1,237,275,276,-1,237,276,239,-1,239,276,277,-1,239,277,241,-1,241,277,278,-1,241,278,243,-1,245,243,279,-1,279,243,278,-1,247,245,263,-1,263,245,279,-1,242,244,280,-1,280,244,281,-1,244,246,281,-1,281,246,282,-1,246,248,282,-1,282,248,283,-1,256,284,285,-1,256,285,254,-1,254,285,286,-1,254,286,252,-1,252,286,287,-1,252,287,250,-1,250,287,283,-1,250,283,248,-1,228,288,289,-1,228,289,226,-1,226,289,290,-1,226,290,260,-1,260,290,291,-1,260,291,258,-1,258,291,284,-1,258,284,256,-1,236,292,293,-1,236,293,234,-1,234,293,294,-1,234,294,232,-1,232,294,295,-1,232,295,230,-1,230,295,288,-1,230,288,228,-1,242,280,296,-1,242,296,240,-1,240,296,297,-1,240,297,238,-1,238,297,292,-1,238,292,236,-1,
        ]
    }
}
Shape{
    appearance Appearance {
        material  Material {
            diffuseColor 0.8431372549019608 0.8156862745098039 0.7529411764705882
            specularColor 0.4235294117647059 0.40784313725490196 0.3764705882352941
            ambientIntensity 0.8167
            transparency 0.0
            shininess 0.5
        }
    }
    geometry IndexedFaceSet {
        ccw TRUE
        solid FALSE
        coord DEF co Coordinate {
            point [
                -4.3287 0.2034 0.2287, -4.3287 0.2034 0.1464, -4.3287 0.1873 0.2287, -4.3287 0.1879 0.1464, -4.3287 0.1746 0.1478, -4.3287 0.1654 0.151, -4.3287 0.1583 0.1556, -4.3287 0.1562 0.1575, -4.3287 0.1506 0.1645, -4.3287 0.147 0.1725, -4.3287 0.1451 0.1825, -4.3287 0.1448 0.1886, -4.3287 0.1462 0.2012, -4.3287 0.1491 0.2092, -4.3287 0.1531 0.2153, -4.3287 0.1565 0.2186, -4.3287 0.1741 0.2273, -4.3287 0.1647 0.224
            ]
        }
        coordIndex [
            0,1,2,-1,2,1,3,-1,2,3,4,-1,4,5,2,-1,2,5,6,-1,2,6,7,-1,7,8,2,-1,2,8,9,-1,2,9,10,-1,10,11,2,-1,2,11,12,-1,2,12,13,-1,13,14,2,-1,2,14,15,-1,2,15,16,-1,16,15,17,-1,
        ]
    }
}
Shape{
    appearance Appearance {
        material  Material {
            diffuseColor 0.07058823529411765 0.07058823529411765 0.07058823529411765
            specularColor 0.00392156862745098 0.00392156862745098 0.00392156862745098
            ambientIntensity 0.102
            transparency 0.0
            shininess 0.5
        }
    }
    geometry IndexedFaceSet {
        ccw TRUE
        solid FALSE
        coord DEF co Coordinate {
            point [
                -4.3327 0.0945 0.1755, -4.3327 0.0786 0.2198, -4.3327 0.0837 0.241, -4.3327 0.1244 0.1342, -4.3327 0.1092 0.1342, -4.3327 0.0989 0.1634, -4.3327 0.0776 0.223, -4.3327 0.0768 0.2273, -4.3327 0.069 0.241, -4.3327 0.0765 0.2273, -4.3327 0.0756 0.2228, -4.3327 0.0748 0.2198, -4.3327 0.0587 0.1755, -4.3327 0.0283 0.1342, -4.3327 0.0435 0.1342, -4.3327 0.0544 0.1634, -4.3287 0.069 0.241, -4.3287 0.0283 0.1342, -4.3287 0.0837 0.241, -4.3287 0.1244 0.1342, -4.3287 0.1092 0.1342, -4.3287 0.0989 0.1634, -4.3287 0.0544 0.1634, -4.3287 0.0435 0.1342, -4.3287 0.0945 0.1755, -4.3287 0.0587 0.1755, -4.3287 0.0748 0.2198, -4.3287 0.0765 0.2273, -4.3287 0.0756 0.2228, -4.3287 0.0768 0.2273, -4.3287 0.0786 0.2198, -4.3287 0.0776 0.223
            ]
        }
        coordIndex [
            0,1,2,-1,3,4,5,-1,1,6,2,-1,2,6,7,-1,2,7,8,-1,8,7,9,-1,8,9,10,-1,10,11,8,-1,8,11,12,-1,8,12,13,-1,14,13,15,-1,15,13,12,-1,15,12,5,-1,5,12,0,-1,5,0,3,-1,3,0,2,-1,8,13,16,-1,16,13,17,-1,2,8,18,-1,18,8,16,-1,3,2,19,-1,19,2,18,-1,4,3,20,-1,20,3,19,-1,5,4,21,-1,21,4,20,-1,15,5,22,-1,22,5,21,-1,14,15,23,-1,23,15,22,-1,13,14,17,-1,17,14,23,-1,0,12,24,-1,24,12,25,-1,12,11,25,-1,25,11,26,-1,9,27,28,-1,9,28,10,-1,10,28,26,-1,10,26,11,-1,9,7,27,-1,27,7,29,-1,1,30,31,-1,1,31,6,-1,6,31,29,-1,6,29,7,-1,1,0,30,-1,30,0,24,-1,
        ]
    }
}
Shape{
    appearance Appearance {
        material  Material {
            diffuseColor 0.8431372549019608 0.8156862745098039 0.7529411764705882
            specularColor 0.4235294117647059 0.40784313725490196 0.3764705882352941
            ambientIntensity 0.8167
            transparency 0.0
            shininess 0.5
        }
    }
    geometry IndexedFaceSet {
        ccw TRUE
        solid FALSE
        coord DEF co Coordinate {
            point [
                -4.3287 0.0765 0.2273, -4.3287 0.0768 0.2273, -4.3287 0.0756 0.2228, -4.3287 0.0776 0.223, -4.3287 0.0748 0.2198, -4.3287 0.0786 0.2198, -4.3287 0.0587 0.1755, -4.3287 0.0945 0.1755
            ]
        }
        coordIndex [
            0,1,2,-1,2,1,3,-1,2,3,4,-1,4,3,5,-1,4,5,6,-1,6,5,7,-1,
        ]
    }
}
Shape{
    appearance Appearance {
        material  Material {
            diffuseColor 0.07058823529411765 0.07058823529411765 0.07058823529411765
            specularColor 0.00392156862745098 0.00392156862745098 0.00392156862745098
            ambientIntensity 0.102
            transparency 0.0
            shininess 0.5
        }
    }
    geometry IndexedFaceSet {
        ccw TRUE
        solid FALSE
        coord DEF co Coordinate {
            point [
                -4.3327 1.0619 0.119, -4.3327 1.0506 0.1051, -4.3327 1.0688 0.1862, -4.3327 0.8153 0.2234, -4.3327 0.8388 0.2636, -4.3327 0.9405 0.2105, -4.3327 0.9919 0.1878, -4.3327 0.9849 0.1853, -4.3327 1.0821 0.318, -4.3327 1.0653 0.327, -4.3327 1.0691 0.3738, -4.3327 1.0218 0.376, -4.3327 0.9982 0.3205, -4.3327 0.9866 0.3446, -4.3327 1.0854 0.1964, -4.3327 1.0792 0.1382, -4.3327 1.0696 0.1353, -4.3327 1.0392 0.3775, -4.3327 0.9787 0.1811, -4.3327 0.9739 0.1757, -4.3327 0.9216 0.1672, -4.3327 1.0056 0.1875, -4.3327 1.0157 0.234, -4.3327 1.0123 0.1849, -4.3327 1.0324 0.2276, -4.3327 1.0182 0.1807, -4.3327 1.0479 0.2168, -4.3327 1.0212 0.1775, -4.3327 1.0605 0.2025, -4.3327 1.0251 0.1712, -4.3327 1.0274 0.1641, -4.3327 1.0277 0.1567, -4.3327 0.97 0.2312, -4.3327 0.9883 0.2358, -4.3327 0.9975 0.2363, -4.3327 1.0062 0.3941, -4.3327 0.9696 0.3649, -4.3327 0.9884 0.4094, -4.3327 0.9493 0.3797, -4.3327 0.9698 0.4208, -4.3327 1.0465 0.3315, -4.3327 1.0385 0.3319, -4.3327 1.0305 0.377, -4.3327 1.0204 0.3297, -4.3327 1.0034 0.3234, -4.3327 0.9706 0.1695, -4.3327 0.9688 0.1624, -4.3327 0.9216 0.1596, -4.3327 0.9688 0.1555, -4.3327 0.922 0.1516, -4.3327 0.7498 0.1392, -4.3327 0.7724 0.1811, -4.3327 0.7751 0.1338, -4.3327 0.7796 0.1801, -4.3327 0.8198 0.1338, -4.3327 0.8138 0.1801, -4.3327 0.8241 0.1345, -4.3327 0.9982 0.1885, -4.3327 0.9538 0.2226, -4.3327 0.7902 0.2985, -4.3327 0.7842 0.2985, -4.3327 0.753 0.3395, -4.3327 0.7716 0.2972, -4.3327 0.7494 0.3383, -4.3327 0.7582 0.2925, -4.3327 0.7268 0.3271, -4.3327 0.7462 0.2847, -4.3327 0.7062 0.3097, -4.3327 0.7362 0.274, -4.3327 0.6907 0.2881, -4.3327 0.729 0.2609, -4.3327 0.6814 0.2649, -4.3327 0.7254 0.2463, -4.3327 0.6779 0.2401, -4.3327 0.725 0.2393, -4.3327 0.6814 0.2131, -4.3327 0.7263 0.2266, -4.3327 0.6909 0.189, -4.3327 0.7311 0.2129, -4.3327 0.706 0.168, -4.3327 0.739 0.2008, -4.3327 0.7266 0.1505, -4.3327 0.746 0.1937, -4.3327 0.7583 0.1858, -4.3327 0.794 0.3995, -4.3327 0.8239 0.3647, -4.3327 0.7689 0.3704, -4.3327 0.8067 0.3443, -4.3327 0.795 0.3199, -4.3327 1.1121 0.2745, -4.3327 1.162 0.2617, -4.3327 1.1144 0.256, -4.3327 1.1622 0.2545, -4.3327 1.1134 0.2442, -4.3327 1.1585 0.2247, -4.3327 1.1079 0.2256, -4.3327 1.1476 0.1965, -4.3327 1.099 0.2104, -4.3327 1.1303 0.1718, -4.3327 1.1066 0.1516, -4.3327 1.0263 0.1496, -4.3327 1.0233 0.1432, -4.3327 0.9348 0.4343, -4.3327 0.9245 0.3898, -4.3327 0.8973 0.439, -4.3327 0.8965 0.3934, -4.3327 0.866 0.4357, -4.3327 0.8707 0.3902, -4.3327 0.8279 0.4223, -4.3327 0.8469 0.3811, -4.3327 0.8256 0.3663, -4.3327 1.0973 0.3629, -4.3327 1.1214 0.3459, -4.3327 1.095 0.3065, -4.3327 1.1265 0.341, -4.3327 1.1056 0.2914, -4.3327 1.1448 0.3176, -4.3327 1.1569 0.2903, -4.3327 0.9265 0.1328, -4.3327 0.9706 0.1482, -4.3327 0.9355 0.1159, -4.3327 0.9742 0.1417, -4.3327 0.947 0.1031, -4.3327 0.9783 0.137, -4.3327 0.9621 0.0925, -4.3327 0.984 0.1329, -4.3327 0.979 0.086, -4.3327 0.9906 0.1302, -4.3327 0.9975 0.0837, -4.3327 0.9982 0.1293, -4.3327 1.0003 0.0838, -4.3327 0.9995 0.1293, -4.3327 1.0182 0.0866, -4.3327 1.0063 0.1304, -4.3327 1.0358 0.0939, -4.3327 1.0132 0.1334, -4.3327 1.019 0.1378, -4.3327 0.8176 0.1808, -4.3327 0.8358 0.1418, -4.3327 0.8341 0.14, -4.3327 0.8153 0.1803, -4.3327 0.8291 0.1365, -4.3327 0.8419 0.1574, -4.3327 0.8411 0.1517, -4.3327 0.8391 0.1466, -4.3327 0.8242 0.1801, -4.3327 0.8294 0.1781, -4.3327 0.8417 0.1603, -4.3327 0.8341 0.1748, -4.3327 0.8372 0.1713, -4.3327 0.8401 0.1661, -4.3327 0.8183 0.1809, -4.3287 0.6779 0.2401, -4.3287 0.6814 0.2649, -4.3287 0.684 0.2714, -4.3287 0.6907 0.2881, -4.3287 0.7062 0.3097, -4.3287 0.7268 0.3271, -4.3287 0.7494 0.3383, -4.3287 0.753 0.3395, -4.3287 0.7689 0.3704, -4.3287 0.794 0.3995, -4.3287 0.8115 0.4112, -4.3287 0.8279 0.4223, -4.3287 0.866 0.4357, -4.3287 0.8973 0.439, -4.3287 0.9348 0.4343, -4.3287 0.9698 0.4208, -4.3287 0.9854 0.4112, -4.3287 0.9884 0.4094, -4.3287 1.0062 0.3941, -4.3287 1.0218 0.376, -4.3287 1.0305 0.377, -4.3287 1.0392 0.3775, -4.3287 1.0691 0.3738, -4.3287 1.0973 0.3629, -4.3287 1.1214 0.3459, -4.3287 1.1265 0.341, -4.3287 1.1569 0.2903, -4.3287 1.1448 0.3176, -4.3287 1.1603 0.2714, -4.3287 1.162 0.2617, -4.3287 1.1622 0.2545, -4.3287 1.1585 0.2247, -4.3287 1.1476 0.1965, -4.3287 1.1303 0.1718, -4.3287 1.1066 0.1516, -4.3287 1.0792 0.1382, -4.3287 1.0696 0.1353, -4.3287 1.0686 0.1333, -4.3287 1.0619 0.119, -4.3287 1.0506 0.1051, -4.3287 1.0358 0.0939, -4.3287 1.0289 0.091, -4.3287 1.0182 0.0866, -4.3287 1.0003 0.0838, -4.3287 0.9975 0.0837, -4.3287 0.9216 0.1596, -4.3287 0.979 0.086, -4.3287 0.966 0.091, -4.3287 0.9621 0.0925, -4.3287 0.947 0.1031, -4.3287 0.9355 0.1159, -4.3287 0.9265 0.1328, -4.3287 0.9264 0.1333, -4.3287 0.922 0.1516, -4.3287 0.9216 0.1672, -4.3287 0.8153 0.2234, -4.3287 0.8388 0.2636, -4.3287 0.9405 0.2105, -4.3287 0.9538 0.2226, -4.3287 0.97 0.2312, -4.3287 0.9883 0.2358, -4.3287 0.9975 0.2363, -4.3287 1.0157 0.234, -4.3287 1.0324 0.2276, -4.3287 1.0479 0.2168, -4.3287 1.0605 0.2025, -4.3287 1.0688 0.1862, -4.3287 1.0854 0.1964, -4.3287 1.099 0.2104, -4.3287 1.1079 0.2256, -4.3287 1.1134 0.2442, -4.3287 1.1144 0.256, -4.3287 1.1125 0.2714, -4.3287 1.1121 0.2745, -4.3287 1.1056 0.2914, -4.3287 1.095 0.3065, -4.3287 1.0821 0.318, -4.3287 1.0653 0.327, -4.3287 1.0465 0.3315, -4.3287 1.0385 0.3319, -4.3287 1.0204 0.3297, -4.3287 1.0034 0.3234, -4.3287 0.9982 0.3205, -4.3287 0.9866 0.3446, -4.3287 0.9696 0.3649, -4.3287 0.9493 0.3797, -4.3287 0.9245 0.3898, -4.3287 0.8965 0.3934, -4.3287 0.8707 0.3902, -4.3287 0.8469 0.3811, -4.3287 0.8256 0.3663, -4.3287 0.8239 0.3647, -4.3287 0.8067 0.3443, -4.3287 0.795 0.3199, -4.3287 0.7902 0.2985, -4.3287 0.7842 0.2985, -4.3287 0.7716 0.2972, -4.3287 0.7582 0.2925, -4.3287 0.7462 0.2847, -4.3287 0.7362 0.274, -4.3287 0.7348 0.2714, -4.3287 0.729 0.2609, -4.3287 0.7254 0.2463, -4.3287 0.725 0.2393, -4.3287 0.7263 0.2266, -4.3287 0.7311 0.2129, -4.3287 0.739 0.2008, -4.3287 0.746 0.1937, -4.3287 0.7583 0.1858, -4.3287 0.7724 0.1811, -4.3287 0.7796 0.1801, -4.3287 0.8138 0.1801, -4.3287 0.8153 0.1803, -4.3287 0.8176 0.1808, -4.3287 0.8183 0.1809, -4.3287 0.8242 0.1801, -4.3287 0.8294 0.1781, -4.3287 0.8341 0.1748, -4.3287 0.8372 0.1713, -4.3287 0.8401 0.1661, -4.3287 0.8417 0.1603, -4.3287 0.8419 0.1574, -4.3287 0.8411 0.1517, -4.3287 0.8391 0.1466, -4.3287 0.8358 0.1418, -4.3287 0.8341 0.14, -4.3287 0.8291 0.1365, -4.3287 0.8241 0.1345, -4.3287 0.8198 0.1338, -4.3287 0.7751 0.1338, -4.3287 0.7498 0.1392, -4.3287 0.7266 0.1505, -4.3287 0.706 0.168, -4.3287 0.6909 0.189, -4.3287 0.6814 0.2131, -4.3287 0.9982 0.1885, -4.3287 0.9919 0.1878, -4.3287 0.9849 0.1853, -4.3287 0.9787 0.1811, -4.3287 0.9739 0.1757, -4.3287 0.9706 0.1695, -4.3287 0.9688 0.1624, -4.3287 0.9688 0.1555, -4.3287 0.9706 0.1482, -4.3287 0.9742 0.1417, -4.3287 0.9783 0.137, -4.3287 0.984 0.1329, -4.3287 0.9906 0.1302, -4.3287 0.9982 0.1293, -4.3287 0.9995 0.1293, -4.3287 1.0063 0.1304, -4.3287 1.0132 0.1334, -4.3287 1.019 0.1378, -4.3287 1.0233 0.1432, -4.3287 1.0263 0.1496, -4.3287 1.0277 0.1567, -4.3287 1.0274 0.1641, -4.3287 1.0251 0.1712, -4.3287 1.0212 0.1775, -4.3287 1.0182 0.1807, -4.3287 1.0123 0.1849, -4.3287 1.0056 0.1875
            ]
        }
        coordIndex [
            0,1,2,-1,3,4,5,-1,6,7,3,-1,8,9,10,-1,11,12,13,-1,14,15,2,-1,2,15,16,-1,2,16,0,-1,10,9,17,-1,7,18,3,-1,3,18,19,-1,3,19,20,-1,21,22,23,-1,23,22,24,-1,23,24,25,-1,25,24,26,-1,25,26,27,-1,27,26,28,-1,27,28,29,-1,29,28,2,-1,29,2,30,-1,30,2,31,-1,32,33,21,-1,21,33,34,-1,21,34,22,-1,11,13,35,-1,35,13,36,-1,35,36,37,-1,37,36,38,-1,37,38,39,-1,9,40,17,-1,17,40,41,-1,17,41,42,-1,42,41,43,-1,42,43,11,-1,11,43,44,-1,11,44,12,-1,19,45,20,-1,20,45,46,-1,20,46,47,-1,47,46,48,-1,47,48,49,-1,50,51,52,-1,52,51,53,-1,52,53,54,-1,54,53,55,-1,54,55,56,-1,6,3,57,-1,57,3,5,-1,57,5,21,-1,21,5,58,-1,21,58,32,-1,59,60,61,-1,61,60,62,-1,61,62,63,-1,63,62,64,-1,63,64,65,-1,65,64,66,-1,65,66,67,-1,67,66,68,-1,67,68,69,-1,69,68,70,-1,69,70,71,-1,71,70,72,-1,71,72,73,-1,73,72,74,-1,73,74,75,-1,75,74,76,-1,75,76,77,-1,77,76,78,-1,77,78,79,-1,79,78,80,-1,79,80,81,-1,81,80,82,-1,81,82,50,-1,50,82,83,-1,50,83,51,-1,84,85,86,-1,86,85,87,-1,86,87,61,-1,61,87,88,-1,61,88,59,-1,89,90,91,-1,91,90,92,-1,91,92,93,-1,93,92,94,-1,93,94,95,-1,95,94,96,-1,95,96,97,-1,97,96,98,-1,97,98,14,-1,14,98,99,-1,14,99,15,-1,31,2,100,-1,100,2,1,-1,100,1,101,-1,39,38,102,-1,102,38,103,-1,102,103,104,-1,104,103,105,-1,104,105,106,-1,106,105,107,-1,106,107,108,-1,108,107,109,-1,108,109,84,-1,84,109,110,-1,84,110,85,-1,10,111,8,-1,8,111,112,-1,8,112,113,-1,113,112,114,-1,113,114,115,-1,115,114,116,-1,115,116,89,-1,89,116,117,-1,89,117,90,-1,49,48,118,-1,118,48,119,-1,118,119,120,-1,120,119,121,-1,120,121,122,-1,122,121,123,-1,122,123,124,-1,124,123,125,-1,124,125,126,-1,126,125,127,-1,126,127,128,-1,128,127,129,-1,128,129,130,-1,130,129,131,-1,130,131,132,-1,132,131,133,-1,132,133,134,-1,134,133,135,-1,134,135,1,-1,1,135,136,-1,1,136,101,-1,137,138,139,-1,55,140,56,-1,56,140,137,-1,56,137,141,-1,141,137,139,-1,142,143,137,-1,137,143,144,-1,137,144,138,-1,145,146,147,-1,146,148,147,-1,147,148,149,-1,147,149,150,-1,142,137,147,-1,147,137,151,-1,147,151,145,-1,73,152,153,-1,73,153,71,-1,71,153,154,-1,71,154,69,-1,154,155,69,-1,69,155,156,-1,69,156,67,-1,67,156,157,-1,67,157,65,-1,65,157,158,-1,65,158,63,-1,63,158,159,-1,63,159,61,-1,61,159,160,-1,61,160,86,-1,86,160,161,-1,86,161,84,-1,108,84,162,-1,162,84,161,-1,162,163,108,-1,108,163,164,-1,108,164,106,-1,106,164,165,-1,106,165,104,-1,104,165,166,-1,104,166,102,-1,102,166,167,-1,102,167,39,-1,39,167,37,-1,37,167,168,-1,37,168,169,-1,37,169,170,-1,37,170,35,-1,35,170,171,-1,35,171,11,-1,11,171,172,-1,11,172,42,-1,42,172,173,-1,42,173,17,-1,17,173,174,-1,17,174,10,-1,10,174,175,-1,10,175,111,-1,111,175,176,-1,111,176,112,-1,112,176,177,-1,112,177,114,-1,178,116,179,-1,179,116,114,-1,179,114,177,-1,180,90,178,-1,178,90,117,-1,178,117,116,-1,180,181,90,-1,90,181,182,-1,90,182,92,-1,92,182,183,-1,92,183,94,-1,94,183,184,-1,94,184,96,-1,96,184,185,-1,96,185,98,-1,98,185,186,-1,98,186,99,-1,99,186,187,-1,99,187,15,-1,15,187,188,-1,15,188,16,-1,16,188,189,-1,16,189,0,-1,189,190,0,-1,0,190,191,-1,0,191,1,-1,1,191,192,-1,1,192,134,-1,134,192,193,-1,134,193,132,-1,193,194,132,-1,132,194,195,-1,132,195,130,-1,130,195,196,-1,130,196,128,-1,197,47,49,-1,128,196,198,-1,199,124,198,-1,198,124,126,-1,198,126,128,-1,199,200,124,-1,124,200,201,-1,124,201,122,-1,122,201,202,-1,122,202,120,-1,120,202,203,-1,120,203,118,-1,118,203,204,-1,118,204,49,-1,49,204,205,-1,49,205,197,-1,20,47,206,-1,206,47,197,-1,3,20,207,-1,207,20,206,-1,4,3,208,-1,208,3,207,-1,5,4,209,-1,209,4,208,-1,5,209,210,-1,5,210,58,-1,58,210,211,-1,58,211,32,-1,32,211,212,-1,32,212,33,-1,33,212,213,-1,33,213,34,-1,34,213,214,-1,34,214,22,-1,22,214,215,-1,22,215,24,-1,24,215,216,-1,24,216,26,-1,26,216,217,-1,26,217,28,-1,28,217,218,-1,28,218,2,-1,2,218,219,-1,2,219,14,-1,14,219,220,-1,14,220,97,-1,97,220,221,-1,97,221,95,-1,95,221,222,-1,95,222,93,-1,93,222,223,-1,93,223,91,-1,91,223,89,-1,89,223,224,-1,224,225,89,-1,89,225,226,-1,89,226,115,-1,115,226,227,-1,115,227,113,-1,113,227,228,-1,113,228,8,-1,8,228,229,-1,8,229,9,-1,9,229,230,-1,9,230,40,-1,40,230,231,-1,40,231,41,-1,41,231,232,-1,41,232,43,-1,43,232,233,-1,43,233,44,-1,44,233,234,-1,44,234,12,-1,12,234,235,-1,12,235,13,-1,13,235,236,-1,13,236,36,-1,36,236,237,-1,36,237,38,-1,38,237,238,-1,38,238,103,-1,103,238,239,-1,103,239,105,-1,105,239,240,-1,105,240,107,-1,107,240,241,-1,107,241,109,-1,109,241,242,-1,109,242,110,-1,110,242,243,-1,110,243,85,-1,85,243,244,-1,85,244,87,-1,87,244,245,-1,87,245,88,-1,88,245,246,-1,88,246,59,-1,60,59,247,-1,247,59,246,-1,60,247,248,-1,60,248,62,-1,62,248,249,-1,62,249,64,-1,64,249,250,-1,64,250,66,-1,66,250,251,-1,66,251,68,-1,68,251,252,-1,68,252,70,-1,252,253,70,-1,70,253,254,-1,70,254,72,-1,72,254,255,-1,72,255,74,-1,74,255,256,-1,74,256,76,-1,76,256,257,-1,76,257,78,-1,78,257,258,-1,78,258,80,-1,80,258,259,-1,80,259,82,-1,82,259,260,-1,82,260,83,-1,83,260,261,-1,83,261,51,-1,51,261,262,-1,51,262,53,-1,55,53,263,-1,263,53,262,-1,55,263,264,-1,55,264,140,-1,140,264,265,-1,140,265,137,-1,137,265,266,-1,137,266,151,-1,151,266,267,-1,151,267,145,-1,145,267,268,-1,145,268,146,-1,146,268,269,-1,146,269,148,-1,148,269,270,-1,148,270,149,-1,149,270,271,-1,149,271,150,-1,150,271,272,-1,150,272,147,-1,147,272,273,-1,147,273,142,-1,142,273,274,-1,142,274,143,-1,143,274,275,-1,143,275,144,-1,144,275,276,-1,144,276,138,-1,138,276,277,-1,138,277,139,-1,139,277,278,-1,139,278,141,-1,141,278,279,-1,141,279,56,-1,56,279,280,-1,56,280,54,-1,52,54,281,-1,281,54,280,-1,52,281,282,-1,52,282,50,-1,50,282,283,-1,50,283,81,-1,81,283,284,-1,81,284,79,-1,79,284,285,-1,79,285,77,-1,77,285,286,-1,77,286,75,-1,75,286,152,-1,75,152,73,-1,57,287,288,-1,57,288,6,-1,6,288,289,-1,6,289,7,-1,7,289,290,-1,7,290,18,-1,18,290,291,-1,18,291,19,-1,19,291,292,-1,19,292,45,-1,45,292,293,-1,45,293,46,-1,46,293,294,-1,46,294,48,-1,48,294,295,-1,48,295,119,-1,119,295,296,-1,119,296,121,-1,121,296,297,-1,121,297,123,-1,123,297,298,-1,123,298,125,-1,125,298,299,-1,125,299,127,-1,127,299,300,-1,127,300,129,-1,129,300,301,-1,129,301,131,-1,131,301,302,-1,131,302,133,-1,133,302,303,-1,133,303,135,-1,135,303,304,-1,135,304,136,-1,136,304,305,-1,136,305,101,-1,101,305,306,-1,101,306,100,-1,100,306,307,-1,100,307,31,-1,31,307,308,-1,31,308,30,-1,30,308,309,-1,30,309,29,-1,29,309,310,-1,29,310,27,-1,27,310,311,-1,27,311,25,-1,25,311,312,-1,25,312,23,-1,23,312,313,-1,23,313,21,-1,21,313,287,-1,21,287,57,-1,
        ]
    }
}
Shape{
    appearance Appearance {
        material  Material {
            diffuseColor 0.8431372549019608 0.8156862745098039 0.7529411764705882
            specularColor 0.4235294117647059 0.40784313725490196 0.3764705882352941
            ambientIntensity 0.8167
            transparency 0.0
            shininess 0.5
        }
    }
    geometry IndexedFaceSet {
        ccw TRUE
        solid FALSE
        coord DEF co Coordinate {
            point [
                -4.3287 0.9995 0.1293, -4.3287 1.0182 0.1807, -4.3287 1.0212 0.1775, -4.3287 0.9906 0.1302, -4.3287 0.984 0.1329, -4.3287 0.9919 0.1878, -4.3287 0.9982 0.1885, -4.3287 1.0056 0.1875, -4.3287 1.0123 0.1849, -4.3287 1.0263 0.1496, -4.3287 1.0233 0.1432, -4.3287 1.019 0.1378, -4.3287 0.9982 0.1293, -4.3287 1.0251 0.1712, -4.3287 1.0274 0.1641, -4.3287 1.0277 0.1567, -4.3287 1.0132 0.1334, -4.3287 1.0063 0.1304, -4.3287 0.9783 0.137, -4.3287 0.9742 0.1417, -4.3287 0.9706 0.1482, -4.3287 0.9688 0.1555, -4.3287 0.9688 0.1624, -4.3287 0.9706 0.1695, -4.3287 0.9739 0.1757, -4.3287 0.9787 0.1811, -4.3287 0.9849 0.1853
            ]
        }
        coordIndex [
            0,1,2,-1,3,4,5,-1,6,7,0,-1,0,7,8,-1,0,8,1,-1,9,10,2,-1,2,10,11,-1,6,0,5,-1,5,0,12,-1,5,12,3,-1,13,14,2,-1,2,14,15,-1,2,15,9,-1,11,16,2,-1,2,16,17,-1,2,17,0,-1,4,18,5,-1,5,18,19,-1,5,19,20,-1,20,21,5,-1,5,21,22,-1,5,22,23,-1,23,24,5,-1,5,24,25,-1,5,25,26,-1,
        ]
    }
}