#VRML V2.0 utf8
# 3D model generated by kicad-lcsc-manager
# Based on easyeda2kicad.py v1.0.1

Shape{
    appearance Appearance {
        material  Material {
            diffuseColor 0.7529411764705882 0.7529411764705882 0.7529411764705882
            specularColor 0.3764705882352941 0.3764705882352941 0.3764705882352941
            ambientIntensity 0.7529
            transparency 0.0
            shininess 0.5
        }
    }
    geometry IndexedFaceSet {
        ccw TRUE
        solid FALSE
        coord DEF co Coordinate {
            point [
                0.7669 0.5118 0.5512, 0.7874 0.5118 0.5512, 0.7874 0.3543 0.5512, 0.7772 0.353 0.5512, 0.7677 0.3491 0.5512, 0.7669 0.3486 0.5512, 0.7874 0.2756 0.5512, 0.7874 -0.2756 0.5512, 0.7772 0.2769 0.5512, 0.7772 -0.2769 0.5512, 0.7669 0.2813 0.5512, 0.7677 0.2809 0.5512, 0.7669 -0.2813 0.5512, 0.7677 -0.2809 0.5512, -0.7874 -0.2756 0.5512, -0.7874 0.2756 0.5512, -0.7772 -0.2769 0.5512, -0.7772 0.2769 0.5512, -0.7669 -0.2813 0.5512, -0.7677 -0.2809 0.5512, -0.7669 0.2813 0.5512, -0.7677 0.2809 0.5512, -0.7874 0.3543 0.5512, -0.7874 0.5118 0.5512, -0.7772 0.353 0.5512, -0.7669 0.5118 0.5512, -0.7677 0.3491 0.5512, -0.7669 0.3486 0.5512, -0.7874 -0.5118 0.5512, -0.7874 -0.5118 0.5906, -0.7874 -0.3543 0.5512, -0.7874 -0.3543 0.5906, -0.7874 0.2756 0.5906, -0.7874 -0.2756 0.5906, 0.7874 0.5118 0.5906, 0.7874 0.3543 0.5906, 0.7874 -0.2756 0.5906, 0.7874 0.2756 0.5906
            ]
        }
        coordIndex [
            0,1,2,-1,2,3,0,-1,0,3,4,-1,0,4,5,-1,6,7,8,-1,8,7,9,-1,10,11,12,-1,12,11,8,-1,12,8,13,-1,13,8,9,-1,14,15,16,-1,16,15,17,-1,18,19,20,-1,20,19,16,-1,20,16,21,-1,21,16,17,-1,22,23,24,-1,24,23,25,-1,24,25,26,-1,26,25,27,-1,28,29,30,-1,30,29,31,-1,32,15,33,-1,33,15,14,-1,1,34,2,-1,2,34,35,-1,36,7,37,-1,37,7,6,-1,
        ]
    }
}
Shape{
    appearance Appearance {
        material  Material {
            diffuseColor 0.25098039215686274 0.25098039215686274 0.25098039215686274
            specularColor 0.12549019607843137 0.12549019607843137 0.12549019607843137
            ambientIntensity 0.251
            transparency 0.0
            shininess 0.5
        }
    }
    geometry IndexedFaceSet {
        ccw TRUE
        solid FALSE
        coord DEF co Coordinate {
            point [
                -0.8 -0.3284 0.0, -0.8 -0.2598 0.0, -0.5953 -0.2598 0.0, -0.8 0.2598 0.0, -0.8 0.4594 0.0, -0.5953 0.2598 0.0, 0.068 0.4594 0.0, -0.0855 -0.1414 0.0, -0.1302 -0.3053 0.0, -0.1299 -0.3082 0.0, -0.1298 -0.3094 0.0, 0.0574 -0.3155 0.0, 0.0575 -0.3153 0.0, 0.068 -0.3284 0.0, -0.0088 -0.3141 0.0, -0.004 -0.3178 0.0, -0.0488 -0.3284 0.0, -0.0014 -0.3191 0.0, 0.0055 -0.3211 0.0, -0.0136 -0.3084 0.0, -0.047 -0.3066 0.0, -0.0212 -0.2938 0.0, -0.0476 -0.3049 0.0, -0.13 -0.3043 0.0, -0.1297 -0.3038 0.0, -0.1301 -0.3047 0.0, -0.1297 -0.3124 0.0, 0.0574 -0.315 0.0, 0.0572 -0.3144 0.0, 0.057 -0.3142 0.0, 0.0569 -0.314 0.0, 0.057 -0.1575 0.0, 0.0574 -0.1567 0.0, 0.0463 -0.3138 0.0, 0.0463 -0.1655 0.0, 0.0547 -0.3138 0.0, 0.0559 -0.3137 0.0, -0.0487 -0.3266 0.0, -0.0473 -0.3147 0.0, -0.0469 -0.3092 0.0, 0.0114 -0.1476 0.0, 0.0026 -0.1482 0.0, -0.0894 -0.1414 0.0, -0.1169 -0.2629 0.0, -0.1203 -0.277 0.0, 0.0576 -0.1558 0.0, 0.0577 -0.1551 0.0, 0.0575 -0.1543 0.0, 0.0573 -0.1538 0.0, 0.0568 -0.3139 0.0, 0.0565 -0.3138 0.0, 0.0564 -0.3138 0.0, 0.0177 -0.1481 0.0, -0.0039 -0.1498 0.0, -0.0088 -0.1524 0.0, -0.0131 -0.1561 0.0, -0.0176 -0.1622 0.0, -0.1218 -0.2837 0.0, -0.1237 -0.2903 0.0, -0.1257 -0.2957 0.0, -0.1275 -0.3008 0.0, -0.1287 -0.3026 0.0, 0.0568 -0.3167 0.0, 0.0571 -0.3162 0.0, 0.0573 -0.3158 0.0, 0.0225 -0.3235 0.0, 0.0349 -0.3249 0.0, 0.0396 -0.3261 0.0, -0.0217 -0.1722 0.0, -0.0263 -0.2004 0.0, -0.0563 -0.2764 0.0, -0.0279 -0.2456 0.0, -0.026 -0.2731 0.0, -0.0481 -0.3039 0.0, -0.0495 -0.3014 0.0, -0.0532 -0.289 0.0, 0.05 -0.1635 0.0, 0.055 -0.1593 0.0, 0.0562 -0.1583 0.0, 0.0482 -0.1646 0.0, 0.0406 -0.153 0.0, 0.0346 -0.1525 0.0, 0.0239 -0.1494 0.0, 0.0569 -0.1534 0.0, 0.0565 -0.153 0.0, 0.0513 -0.1539 0.0, 0.0448 -0.3284 0.0, 0.0457 -0.3278 0.0, 0.0496 -0.3244 0.0, 0.0522 -0.3217 0.0, 0.0454 -0.1539 0.0, 0.043 -0.1534 0.0, 0.0556 -0.3181 0.0, 0.0563 -0.3173 0.0, 0.8 0.4594 0.0, 0.8 0.2598 0.0, 0.5953 0.2598 0.0, 0.5953 -0.2598 0.0, 0.3395 -0.3264 0.0, 0.3398 -0.3262 0.0, 0.3392 -0.17 0.0, 0.3407 -0.3243 0.0, 0.3406 -0.3226 0.0, 0.3392 -0.2974 0.0, 0.3397 -0.3146 0.0, 0.3397 -0.3141 0.0, 0.2454 -0.1905 0.0, 0.2477 -0.2045 0.0, 0.1885 -0.2235 0.0, 0.249 -0.2468 0.0, 0.1832 -0.2235 0.0, 0.3401 -0.3257 0.0, 0.3405 -0.325 0.0, 0.3414 -0.1426 0.0, 0.3394 -0.1562 0.0, 0.2012 -0.1504 0.0, 0.1951 -0.1559 0.0, 0.1874 -0.1479 0.0, 0.1919 -0.1601 0.0, 0.1894 -0.1646 0.0, 0.1832 -0.1479 0.0, 0.149 -0.3144 0.0, 0.1483 -0.307 0.0, 0.151 -0.3238 0.0, 0.1508 -0.3215 0.0, 0.1508 -0.3215 0.0, 0.1483 -0.3017 0.0, 0.1481 -0.2981 0.0, 0.148 -0.2946 0.0, 0.2316 -0.3108 0.0, 0.2275 -0.3147 0.0, 0.1867 -0.285 0.0, 0.0855 -0.2285 0.0, 0.0858 -0.2289 0.0, 0.0874 -0.3036 0.0, 0.0862 -0.2293 0.0, 0.0866 -0.2295 0.0, 0.1401 -0.2272 0.0, 0.1163 -0.2241 0.0, 0.1401 -0.1649 0.0, 0.1065 -0.2221 0.0, 0.0948 -0.2167 0.0, 0.0865 -0.1567 0.0, 0.0911 -0.1573 0.0, 0.19 -0.1897 0.0, 0.1933 -0.1741 0.0, 0.1974 -0.1648 0.0, 0.2374 -0.3024 0.0, 0.2157 -0.3186 0.0, 0.1906 -0.3013 0.0, 0.1942 -0.308 0.0, 0.1401 -0.2371 0.0, 0.1401 -0.3138 0.0, 0.0979 -0.3079 0.0, 0.1002 -0.2199 0.0, 0.0973 -0.2181 0.0, 0.1044 -0.159 0.0, 0.0977 -0.1581 0.0, 0.342 -0.1397 0.0, 0.34 -0.1374 0.0, 0.3275 -0.153 0.0, 0.2896 -0.3068 0.0, 0.1982 -0.3236 0.0, 0.2047 -0.3267 0.0, 0.1504 -0.3257 0.0, 0.2008 -0.1604 0.0, 0.2048 -0.1571 0.0, 0.2388 -0.1716 0.0, 0.2339 -0.1639 0.0, 0.1507 -0.3249 0.0, 0.1789 -0.2583 0.0, 0.1835 -0.2581 0.0, 0.1849 -0.2731 0.0, 0.2489 -0.2501 0.0, 0.2419 -0.2906 0.0, 0.2238 -0.3169 0.0, 0.2201 -0.3182 0.0, 0.2093 -0.3181 0.0, 0.2032 -0.3159 0.0, 0.1982 -0.3125 0.0, 0.0871 -0.2297 0.0, 0.088 -0.2298 0.0, 0.0899 -0.3051 0.0, 0.0938 -0.3068 0.0, 0.3318 -0.3152 0.0, 0.31 -0.3135 0.0, 0.3318 -0.1709 0.0, 0.2996 -0.3118 0.0, 0.221 -0.145 0.0, 0.2157 -0.1448 0.0, 0.2276 -0.325 0.0, 0.278 -0.3195 0.0, 0.2199 -0.3276 0.0, 0.2783 -0.3201 0.0, 0.2786 -0.3204 0.0, 0.1483 -0.1649 0.0, 0.1513 -0.1614 0.0, 0.1531 -0.1591 0.0, 0.2908 -0.3073 0.0, 0.3317 -0.1674 0.0, 0.3306 -0.1593 0.0, 0.2378 -0.1556 0.0, 0.2301 -0.1491 0.0, 0.2253 -0.1463 0.0, 0.2118 -0.328 0.0, 0.2135 -0.1541 0.0, 0.2194 -0.1545 0.0, 0.2087 -0.1552 0.0, 0.2244 -0.1562 0.0, 0.2292 -0.1592 0.0, 0.2959 -0.3109 0.0, 0.2937 -0.3098 0.0, 0.079 -0.3165 0.0, 0.0792 -0.3166 0.0, 0.1929 -0.3193 0.0, 0.2333 -0.3214 0.0, 0.2381 -0.3164 0.0, 0.2781 -0.3185 0.0, 0.2442 -0.3063 0.0, 0.2785 -0.3172 0.0, 0.1259 -0.153 0.0, 0.1148 -0.151 0.0, 0.1051 -0.1491 0.0, 0.0933 -0.1437 0.0, 0.0851 -0.1522 0.0, 0.1485 -0.327 0.0, 0.1493 -0.3267 0.0, 0.1499 -0.3262 0.0, 0.3392 -0.3266 0.0, 0.8 -0.2598 0.0, 0.3387 -0.3267 0.0, 0.8 -0.3284 0.0, 0.338 -0.3267 0.0, 0.2556 -0.2606 0.0, 0.2569 -0.2222 0.0, 0.0973 -0.1462 0.0, 0.0959 -0.1454 0.0, 0.3295 -0.3257 0.0, 0.3361 -0.3263 0.0, 0.1543 -0.1576 0.0, 0.1549 -0.1563 0.0, 0.1552 -0.1552 0.0, 0.1553 -0.1544 0.0, 0.1553 -0.1538 0.0, 0.1553 -0.1533 0.0, 0.279 -0.3165 0.0, 0.252 -0.2834 0.0, 0.2799 -0.3155 0.0, 0.2554 -0.2062 0.0, 0.2495 -0.1784 0.0, 0.2434 -0.1637 0.0, 0.279 -0.3207 0.0, 0.2798 -0.321 0.0, 0.2803 -0.3211 0.0, 0.3012 -0.3232 0.0, 0.2963 -0.3227 0.0, 0.2845 -0.3211 0.0, 0.084 -0.1547 0.0, 0.0841 -0.1543 0.0, 0.084 -0.1551 0.0, 0.0842 -0.1555 0.0, 0.0844 -0.1558 0.0, 0.0784 -0.3152 0.0, 0.0783 -0.3146 0.0, 0.0784 -0.3141 0.0, 0.1552 -0.1531 0.0, 0.1552 -0.1529 0.0, 0.155 -0.1527 0.0, 0.1369 -0.1539 0.0, 0.1538 -0.1523 0.0, 0.1378 -0.1539 0.0, 0.1528 -0.1525 0.0, 0.1426 -0.1539 0.0, 0.1474 -0.1533 0.0, 0.0846 -0.1531 0.0, 0.0843 -0.1538 0.0, 0.0847 -0.1561 0.0, 0.0852 -0.1565 0.0, 0.0787 -0.3135 0.0, 0.0785 -0.3157 0.0, 0.0788 -0.3162 0.0, 0.1804 -0.2863 0.0, 0.1842 -0.3046 0.0, 0.1885 -0.3135 0.0, 0.1547 -0.1525 0.0, 0.1543 -0.1524 0.0, 0.0795 -0.3124 0.0, 0.0853 -0.2275 0.0, 0.0853 -0.228 0.0, 0.1475 -0.3272 0.0, 0.1462 -0.3271 0.0, 0.1314 -0.1538 0.0, 0.2075 -0.147 0.0, 0.283 -0.3126 0.0, 0.3176 -0.3246 0.0, 0.0859 -0.2257 0.0, 0.0856 -0.2264 0.0, 0.0858 -0.1566 0.0, 0.0853 -0.227 0.0, 0.0865 -0.2249 0.0, 0.0795 -0.3168 0.0, 0.0804 -0.3169 0.0, 0.0812 -0.317 0.0, 0.1282 -0.3232 0.0, 0.1412 -0.3254 0.0, 0.1443 -0.3266 0.0, 0.0854 -0.3172 0.0, 0.1068 -0.3199 0.0, 0.068 -0.4594 0.0, 0.0437 -0.3285 0.0, 0.0443 -0.3285 0.0, 0.0447 -0.3284 0.0, -0.1273 -0.334 0.0, -0.1271 -0.3342 0.0, -0.8 -0.4594 0.0, -0.0504 -0.335 0.0, -0.0503 -0.3349 0.0, -0.0499 -0.3346 0.0, -0.0496 -0.3341 0.0, 0.0433 -0.3284 0.0, -0.0495 -0.3334 0.0, 0.0435 -0.3285 0.0, -0.0501 -0.3348 0.0, 0.0425 -0.3279 0.0, -0.0491 -0.3304 0.0, -0.1258 -0.3344 0.0, -0.1256 -0.3342 0.0, -0.0536 -0.3284 0.0, -0.1253 -0.3338 0.0, -0.125 -0.3331 0.0, -0.1248 -0.3325 0.0, -0.1241 -0.3284 0.0, -0.1277 -0.3325 0.0, -0.1275 -0.3333 0.0, -0.1274 -0.3337 0.0, -0.0519 -0.3339 0.0, -0.0516 -0.3344 0.0, -0.1261 -0.3345 0.0, -0.1269 -0.3344 0.0, -0.1267 -0.3345 0.0, -0.1265 -0.3345 0.0, -0.1263 -0.3345 0.0, -0.1285 -0.3251 0.0, -0.1281 -0.3284 0.0, -0.1279 -0.33 0.0, -0.1278 -0.3315 0.0, -0.0523 -0.3332 0.0, -0.0513 -0.3347 0.0, -0.051 -0.3349 0.0, -0.0508 -0.335 0.0, -0.0506 -0.335 0.0, -0.0526 -0.3322 0.0, -0.1062 -0.2524 0.0, -0.0677 -0.2617 0.0, -0.1229 -0.3212 0.0, -0.0586 -0.3039 0.0, -0.0543 -0.3254 0.0, 0.8 -0.4594 0.0
            ]
        }
        coordIndex [
            0,1,2,-1,3,4,5,-1,5,4,6,-1,5,6,7,-1,8,9,10,-1,11,12,13,-1,14,15,16,-1,16,15,17,-1,16,17,18,-1,19,20,21,-1,21,20,22,-1,23,2,24,-1,24,2,5,-1,23,25,2,-1,2,25,8,-1,2,8,26,-1,26,8,10,-1,27,28,6,-1,6,28,29,-1,6,29,30,-1,31,32,30,-1,33,34,35,-1,35,34,36,-1,16,37,14,-1,14,37,38,-1,14,38,19,-1,19,38,39,-1,19,39,20,-1,40,41,6,-1,7,42,5,-1,5,42,43,-1,5,43,44,-1,32,45,30,-1,30,45,46,-1,30,46,6,-1,6,46,47,-1,6,47,48,-1,49,50,34,-1,34,50,51,-1,34,51,36,-1,40,6,52,-1,41,53,6,-1,6,53,54,-1,6,54,7,-1,7,54,55,-1,7,55,56,-1,44,57,5,-1,5,57,58,-1,5,58,59,-1,59,60,5,-1,5,60,61,-1,5,61,24,-1,62,63,13,-1,13,63,64,-1,13,64,11,-1,18,65,16,-1,16,65,66,-1,16,66,67,-1,56,68,7,-1,7,68,69,-1,7,69,70,-1,70,69,71,-1,70,71,72,-1,22,73,21,-1,21,73,74,-1,21,74,72,-1,72,74,75,-1,72,75,70,-1,76,77,30,-1,30,77,78,-1,30,78,31,-1,49,34,30,-1,30,34,79,-1,30,79,76,-1,80,81,6,-1,6,81,82,-1,6,82,52,-1,48,83,6,-1,6,83,84,-1,6,84,85,-1,86,87,13,-1,13,87,88,-1,13,88,89,-1,85,90,6,-1,6,90,91,-1,6,91,80,-1,89,92,13,-1,13,92,93,-1,13,93,62,-1,94,95,6,-1,6,95,96,-1,97,98,99,-1,100,101,102,-1,100,102,103,-1,103,102,104,-1,103,104,105,-1,106,107,108,-1,108,107,109,-1,108,109,110,-1,99,111,97,-1,97,111,112,-1,97,112,96,-1,96,112,101,-1,96,101,113,-1,113,101,100,-1,113,100,114,-1,115,116,117,-1,117,116,118,-1,117,118,119,-1,120,121,122,-1,123,120,110,-1,123,124,120,-1,120,124,125,-1,120,125,121,-1,122,126,120,-1,120,126,127,-1,120,127,128,-1,129,130,131,-1,132,133,134,-1,134,133,135,-1,134,135,136,-1,137,138,139,-1,139,138,140,-1,141,142,143,-1,108,144,106,-1,106,144,145,-1,106,145,146,-1,129,131,147,-1,131,148,149,-1,149,148,150,-1,151,152,153,-1,140,154,139,-1,139,154,155,-1,139,155,156,-1,156,155,141,-1,156,141,157,-1,157,141,143,-1,113,158,96,-1,96,158,159,-1,96,159,6,-1,6,159,160,-1,6,160,161,-1,162,163,164,-1,146,165,106,-1,106,165,166,-1,106,166,167,-1,167,166,168,-1,169,123,170,-1,170,123,110,-1,170,110,171,-1,171,110,109,-1,171,109,172,-1,172,109,173,-1,172,173,131,-1,131,173,174,-1,131,174,147,-1,130,175,131,-1,131,175,176,-1,131,176,148,-1,177,178,148,-1,148,178,179,-1,148,179,150,-1,136,180,134,-1,134,180,181,-1,134,181,182,-1,182,181,151,-1,182,151,183,-1,183,151,153,-1,184,185,186,-1,186,185,187,-1,6,188,189,-1,190,191,192,-1,192,191,193,-1,192,193,194,-1,128,195,120,-1,120,195,196,-1,120,196,197,-1,186,198,199,-1,199,198,161,-1,199,161,200,-1,200,161,160,-1,201,202,6,-1,6,202,203,-1,6,203,188,-1,13,163,204,-1,205,206,207,-1,207,206,208,-1,207,208,166,-1,166,208,209,-1,166,209,168,-1,187,210,186,-1,186,210,211,-1,186,211,198,-1,212,213,13,-1,162,164,214,-1,190,215,191,-1,191,215,216,-1,191,216,217,-1,217,216,218,-1,217,218,219,-1,189,220,6,-1,6,220,221,-1,6,221,222,-1,6,223,224,-1,225,226,163,-1,163,226,227,-1,163,227,164,-1,98,97,228,-1,228,97,229,-1,228,229,230,-1,230,229,231,-1,230,231,232,-1,233,234,161,-1,222,235,6,-1,6,235,236,-1,6,236,223,-1,237,238,232,-1,197,239,120,-1,120,239,240,-1,120,240,241,-1,241,242,120,-1,120,242,243,-1,120,243,244,-1,219,218,245,-1,245,218,246,-1,245,246,247,-1,234,248,161,-1,161,248,249,-1,161,249,6,-1,6,249,250,-1,6,250,201,-1,194,251,192,-1,192,251,252,-1,192,252,253,-1,254,192,255,-1,255,192,253,-1,255,253,256,-1,12,27,13,-1,13,27,6,-1,13,6,257,-1,257,6,258,-1,257,259,13,-1,13,259,260,-1,13,260,261,-1,262,13,263,-1,263,13,264,-1,244,265,120,-1,120,265,266,-1,120,266,267,-1,268,269,270,-1,270,269,271,-1,270,271,272,-1,272,271,273,-1,224,274,6,-1,6,274,275,-1,6,275,258,-1,261,276,13,-1,13,276,277,-1,13,277,264,-1,264,277,278,-1,262,279,13,-1,13,279,280,-1,13,280,212,-1,170,281,169,-1,169,281,282,-1,169,282,164,-1,164,282,283,-1,164,283,214,-1,267,284,120,-1,120,284,285,-1,120,285,269,-1,286,287,134,-1,134,287,288,-1,134,288,132,-1,225,163,289,-1,289,163,13,-1,289,13,290,-1,268,291,269,-1,269,291,220,-1,269,220,120,-1,120,220,189,-1,120,189,117,-1,117,189,292,-1,117,292,115,-1,233,161,246,-1,246,161,293,-1,246,293,247,-1,254,294,192,-1,192,294,237,-1,192,237,204,-1,295,296,297,-1,297,296,298,-1,297,298,277,-1,277,298,287,-1,277,287,278,-1,278,287,286,-1,142,141,297,-1,297,141,299,-1,297,299,295,-1,213,300,13,-1,13,300,301,-1,13,301,302,-1,303,304,13,-1,13,304,305,-1,13,305,290,-1,302,306,13,-1,13,306,307,-1,13,307,303,-1,308,309,310,-1,308,310,13,-1,13,310,311,-1,13,311,86,-1,312,313,314,-1,308,315,316,-1,317,318,319,-1,319,318,320,-1,309,308,321,-1,321,308,316,-1,321,316,319,-1,319,316,322,-1,319,322,317,-1,67,323,16,-1,16,323,319,-1,16,319,324,-1,324,319,320,-1,325,326,327,-1,327,326,328,-1,328,329,327,-1,327,329,330,-1,327,330,331,-1,332,333,314,-1,314,333,334,-1,314,334,312,-1,335,336,337,-1,313,338,314,-1,314,338,339,-1,314,339,308,-1,308,339,340,-1,308,340,341,-1,26,342,2,-1,2,342,343,-1,2,343,0,-1,0,343,344,-1,0,344,314,-1,314,344,345,-1,314,345,332,-1,335,337,346,-1,336,347,337,-1,337,347,348,-1,337,348,341,-1,341,348,349,-1,341,349,308,-1,308,349,350,-1,308,350,315,-1,325,327,337,-1,337,327,351,-1,337,351,346,-1,352,353,354,-1,354,353,355,-1,354,355,331,-1,331,355,356,-1,331,356,327,-1,237,232,204,-1,204,232,231,-1,204,231,13,-1,13,231,357,-1,13,357,308,-1,
        ]
    }
}
Shape{
    appearance Appearance {
        material  Material {
            diffuseColor 0.7529411764705882 0.7529411764705882 0.7529411764705882
            specularColor 0.3764705882352941 0.3764705882352941 0.3764705882352941
            ambientIntensity 0.7529
            transparency 0.0
            shininess 0.5
        }
    }
    geometry IndexedFaceSet {
        ccw TRUE
        solid FALSE
        coord DEF co Coordinate {
            point [
                -0.6032 -0.2559 0.0, -0.9843 -0.2559 0.0, -0.6032 0.2559 0.0, -0.9843 0.2559 0.0, 0.6032 0.2559 0.0, 0.9843 0.2559 0.0, 0.6032 -0.2559 0.0, 0.9843 -0.2559 0.0
            ]
        }
        coordIndex [
            0,1,2,-1,2,1,3,-1,4,5,6,-1,6,5,7,-1,
        ]
    }
}
Shape{
    appearance Appearance {
        material  Material {
            diffuseColor 0.2235294117647059 0.2235294117647059 0.2235294117647059
            specularColor 0.11372549019607843 0.11372549019607843 0.11372549019607843
            ambientIntensity 0.2235
            transparency 0.0
            shininess 0.5
        }
    }
    geometry IndexedFaceSet {
        ccw TRUE
        solid FALSE
        coord DEF co Coordinate {
            point [
                -0.8 0.5515 0.2362, -0.5512 0.5515 0.2362, -0.5512 0.5512 0.2362, 0.5512 0.5512 0.2362, 0.648 0.4594 0.2362, 0.5368 0.5331 0.2362, 0.5512 0.5515 0.2362, 0.8 0.5515 0.2362, 0.8 0.4594 0.2362, -0.8 0.4594 0.2362, -0.648 0.4594 0.2362, -0.5368 0.5331 0.2362, -0.4439 0.5512 0.2362, 0.4498 0.5512 0.2362, 0.5368 -0.5331 0.2362, 0.648 -0.4594 0.2362, 0.5512 -0.5512 0.2362, 0.5512 -0.5515 0.2362, 0.8 -0.5515 0.2362, 0.8 -0.4594 0.2362, -0.8 -0.5515 0.2362, -0.8 -0.4594 0.2362, -0.648 -0.4594 0.2362, 0.4498 -0.5512 0.2362, -0.4439 -0.5512 0.2362, -0.5368 -0.5331 0.2362, -0.5512 -0.5512 0.2362, -0.5512 -0.5515 0.2362, -0.648 0.4594 0.0394, -0.5368 0.5331 0.0394, 0.648 0.4594 0.0394, 0.5368 0.5331 0.0394, 0.648 -0.4594 0.0394, 0.5368 -0.5331 0.0394, -0.648 -0.4594 0.0394, -0.5368 -0.5331 0.0394
            ]
        }
        coordIndex [
            0,1,2,-1,3,4,5,-1,3,6,4,-1,4,6,7,-1,4,7,8,-1,9,0,10,-1,10,0,2,-1,10,2,11,-1,11,2,12,-1,11,12,5,-1,5,12,13,-1,5,13,3,-1,14,15,16,-1,17,16,18,-1,18,16,15,-1,18,15,19,-1,20,21,22,-1,16,23,14,-1,14,23,24,-1,14,24,25,-1,25,24,26,-1,25,26,22,-1,22,26,27,-1,22,27,20,-1,28,29,30,-1,30,29,31,-1,32,33,34,-1,34,33,35,-1,
        ]
    }
}
Shape{
    appearance Appearance {
        material  Material {
            diffuseColor 0.7529411764705882 0.7529411764705882 0.7529411764705882
            specularColor 0.3764705882352941 0.3764705882352941 0.3764705882352941
            ambientIntensity 0.7529
            transparency 0.0
            shininess 0.5
        }
    }
    geometry IndexedFaceSet {
        ccw TRUE
        solid FALSE
        coord DEF co Coordinate {
            point [
                0.4498 0.5512 0.2394, 0.5512 0.5512 0.2394, 0.4498 0.5512 0.3521, 0.5512 0.5512 0.5118, -0.4439 0.5512 0.3521, -0.5512 0.5512 0.5118, -0.4439 0.5512 0.2394, -0.5512 0.5512 0.2394, -0.4439 0.5512 0.1969, -0.5452 0.5512 0.1969, -0.4439 0.5528 0.1969, -0.5428 0.5528 0.1969, 0.4498 0.5528 0.1969, 0.5428 0.5528 0.1969, 0.4498 0.5512 0.1969, 0.5452 0.5512 0.1969, -0.4439 0.5906 0.1969, -0.5512 0.5906 0.1969, -0.4439 0.5906 0.3521, -0.5512 0.5906 0.5118, 0.4498 0.5906 0.3521, 0.5512 0.5906 0.5118, 0.4498 0.5906 0.1969, 0.5512 0.5906 0.1969, -0.4439 0.5512 0.2362, -0.5512 0.5512 0.2362, -0.5512 0.5512 0.1969, 0.5512 0.5512 0.1969, 0.5512 0.5512 0.2362, 0.4498 0.5512 0.2362, -0.4439 0.5873 0.1969, -0.5512 0.5873 0.1969, 0.4498 0.5873 0.1969, 0.5512 0.5873 0.1969, -0.7669 0.479 0.0, -0.7669 0.5184 0.0, -0.654 0.479 0.0, -0.6659 0.5184 0.0, -0.5428 0.5528 0.0, -0.5621 0.5873 0.0, -0.4439 0.5528 0.0, -0.4439 0.5873 0.0, 0.7669 0.5184 0.0, 0.7669 0.479 0.0, 0.6659 0.5184 0.0, 0.654 0.479 0.0, 0.5621 0.5873 0.0, 0.5428 0.5528 0.0, 0.4498 0.5873 0.0, 0.4498 0.5528 0.0, -0.5621 0.5873 0.1969, 0.5621 0.5873 0.1969, -0.5512 -0.5906 0.1969, -0.5512 -0.5873 0.1969, -0.4439 -0.5906 0.1969, -0.4439 -0.5873 0.1969, -0.5428 -0.5528 0.1969, -0.5452 -0.5512 0.1969, -0.4439 -0.5528 0.1969, -0.4439 -0.5512 0.1969, -0.5512 -0.5512 0.1969, -0.5512 -0.5512 0.2362, -0.4439 -0.5512 0.2362, -0.4439 -0.5528 0.0, -0.4439 -0.5873 0.0, -0.5428 -0.5528 0.0, -0.5621 -0.5873 0.0, -0.654 -0.479 0.0, -0.6659 -0.5184 0.0, -0.7669 -0.479 0.0, -0.7669 -0.5184 0.0, -0.5621 -0.5873 0.1969, 0.5589 -0.5185 0.5506, 0.5861 -0.5185 0.5506, 0.5841 -0.5193 0.5504, 0.5792 -0.5212 0.55, 0.5759 -0.5226 0.5497, 0.5746 -0.5232 0.5495, -0.5368 -0.5331 0.5449, -0.558 -0.5352 0.5434, -0.5461 -0.527 0.5473, -0.5585 -0.5346 0.5439, -0.5587 -0.5344 0.544, -0.5601 -0.533 0.545, -0.5607 -0.5325 0.5453, -0.5631 -0.5306 0.5463, 0.5717 -0.5247 0.549, 0.5711 -0.5251 0.5488, 0.5461 -0.527 0.5473, 0.5679 -0.5272 0.5479, 0.5679 -0.5272 0.5479, 0.5651 -0.5291 0.5471, 0.563 -0.5304 0.5465, 0.5615 -0.5317 0.5458, 0.5581 -0.5352 0.5434, 0.5368 -0.5331 0.5449, 0.5586 -0.5347 0.5437, 0.5604 -0.5328 0.545, -0.5661 -0.5282 0.5476, -0.5675 -0.5273 0.548, -0.5589 -0.5185 0.5506, -0.5688 -0.5265 0.5483, -0.5699 -0.5257 0.5486, -0.5723 -0.5246 0.549, -0.5768 -0.5224 0.5497, -0.5804 -0.5206 0.5502, -0.5816 -0.5202 0.5503, -0.5861 -0.5185 0.5506, 0.557 -0.5363 0.5426, -0.5535 -0.5419 0.5372, -0.5535 -0.5418 0.5372, -0.5535 -0.5417 0.5375, -0.5545 -0.54 0.5392, -0.5551 -0.539 0.5403, -0.5557 -0.5382 0.5409, -0.5572 -0.5363 0.5425, 0.5568 -0.5366 0.5424, 0.5555 -0.5384 0.5408, 0.555 -0.5391 0.5402, -0.5516 -0.5469 0.5295, -0.5517 -0.5468 0.5299, 0.5536 -0.5418 0.5371, -0.5517 -0.5467 0.53, -0.5519 -0.5457 0.5318, 0.5543 -0.5405 0.5386, -0.5528 -0.5435 0.535, 0.5532 -0.5425 0.5364, 0.5528 -0.5432 0.5355, 0.5522 -0.5449 0.5331, 0.552 -0.5456 0.5317, 0.5517 -0.5468 0.5294, -0.5513 -0.549 0.5241, -0.5512 -0.5499 0.5217, -0.5512 -0.5501 0.5209, 0.5513 -0.5484 0.5263, 0.5513 -0.5485 0.5259, 0.5512 -0.5501 0.521, 0.5512 -0.5501 0.5209, -0.5512 -0.5507 0.5182, 0.5512 -0.5503 0.5189, -0.5512 -0.5507 0.5174, 0.5512 -0.5512 0.5118, -0.5512 -0.5512 0.5118, 0.5513 0.5484 0.5263, 0.5517 0.5468 0.5294, -0.5516 0.5469 0.5295, 0.557 0.5363 0.5426, 0.5581 0.5352 0.5434, -0.5581 0.5352 0.5434, -0.5589 0.5185 0.5506, -0.5861 0.5185 0.5506, -0.5815 0.5202 0.5503, -0.5804 0.5206 0.5502, -0.5767 0.5224 0.5496, -0.5722 0.5246 0.549, -0.5675 0.5273 0.548, -0.5461 0.527 0.5473, -0.5687 0.5265 0.5483, -0.5699 0.5257 0.5486, 0.5615 0.5317 0.5458, 0.563 0.5304 0.5465, 0.5461 0.527 0.5473, 0.5604 0.5328 0.545, -0.5661 0.5282 0.5476, -0.563 0.5306 0.5463, -0.5601 0.533 0.545, -0.5587 0.5344 0.544, -0.5585 0.5346 0.5439, -0.5368 0.5331 0.5449, 0.5368 0.5331 0.5449, 0.5586 0.5347 0.5437, 0.5651 0.5291 0.5471, 0.5679 0.5272 0.5479, 0.5589 0.5185 0.5506, 0.5679 0.5272 0.5479, 0.5711 0.5251 0.5488, 0.5717 0.5247 0.549, 0.5747 0.5232 0.5495, 0.5759 0.5226 0.5497, 0.5793 0.5212 0.55, 0.5842 0.5193 0.5504, 0.5861 0.5185 0.5506, 0.5543 0.5405 0.5386, 0.555 0.5391 0.5402, 0.5536 0.5418 0.5371, -0.5571 0.5364 0.5425, -0.5557 0.5382 0.5409, 0.5555 0.5384 0.5408, 0.5568 0.5366 0.5424, -0.5551 0.539 0.5403, -0.5545 0.54 0.5392, -0.5535 0.5417 0.5375, 0.5522 0.5449 0.5331, 0.5528 0.5432 0.5355, -0.5535 0.5419 0.5372, -0.5517 0.5468 0.5299, -0.5528 0.5435 0.5349, -0.5519 0.5457 0.5318, 0.552 0.5456 0.5317, -0.5517 0.5467 0.53, -0.5535 0.5419 0.5372, 0.5532 0.5425 0.5364, -0.5513 0.549 0.5241, -0.5512 0.5499 0.5217, 0.5513 0.5485 0.5259, 0.5512 0.5501 0.521, 0.5512 0.5501 0.5209, -0.5512 0.5501 0.5209, 0.5512 0.5503 0.5189, -0.5512 0.5507 0.5174, -0.5512 0.5507 0.5182, 0.7874 -0.3543 0.5512, 0.7874 -0.5118 0.5512, 0.7772 -0.353 0.5512, 0.7669 -0.5118 0.5512, 0.7677 -0.3491 0.5512, 0.7669 -0.3486 0.5512, -0.7669 -0.5118 0.5512, -0.7874 -0.5118 0.5512, -0.7874 -0.3543 0.5512, -0.7772 -0.353 0.5512, -0.7677 -0.3491 0.5512, -0.7669 -0.3486 0.5512, -0.4439 -0.5512 0.2394, -0.5512 -0.5512 0.2394, -0.4439 -0.5512 0.3521, 0.4498 -0.5512 0.3521, 0.4498 -0.5512 0.2394, 0.5512 -0.5512 0.2394, -0.5512 0.5515 0.2362, -0.5815 0.5286 0.5887, -0.5815 0.5243 0.5693, -0.5878 0.5209 0.5699, -0.5544 0.554 0.5528, -0.5546 0.5681 0.5665, -0.5535 0.5719 0.5626, -0.5512 0.5899 0.5221, -0.5512 0.5897 0.5229, -0.5512 0.5876 0.5321, -0.5512 0.5868 0.5357, -0.5513 0.5865 0.5366, -0.5515 0.5835 0.5443, -0.5518 0.5815 0.548, -0.552 0.5797 0.551, -0.5524 0.5769 0.5561, -0.5527 0.5753 0.5583, -0.5533 0.5725 0.562, -0.5629 0.5398 0.5636, -0.562 0.5511 0.5798, -0.5606 0.5427 0.5619, -0.5608 0.5532 0.5786, -0.5587 0.5456 0.56, -0.5592 0.556 0.577, -0.557 0.5485 0.5578, -0.5571 0.5608 0.5732, -0.5556 0.5513 0.5554, -0.5559 0.5637 0.571, -0.5549 0.5673 0.5673, -0.5766 0.5274 0.5685, -0.5717 0.5376 0.5862, -0.5721 0.5308 0.5675, -0.5688 0.5413 0.5847, -0.5686 0.5338 0.5664, -0.5656 0.5454 0.583, -0.5655 0.5369 0.5651, -0.5646 0.5466 0.5824, -0.5631 0.5492 0.5809, -0.5807 0.5291 0.5886, -0.5775 0.5322 0.5878, -0.5768 0.5328 0.5876, -0.6025 0.5155 0.5706, -0.5947 0.5204 0.59, -0.5946 0.5181 0.5703, -0.5917 0.5217 0.5899, -0.588 0.5242 0.5895, -0.6108 0.5144 0.5905, -0.6039 0.5163 0.5904, -0.6026 0.5169 0.5904, -0.5947 0.5163 0.5512, -0.6025 0.5143 0.5512, -0.6032 0.5142 0.5512, -0.6108 0.5133 0.5512, -0.616 0.5131 0.5905, -0.6221 0.512 0.5512, -0.6299 0.5118 0.5906, -0.6244 0.5119 0.5512, -0.6299 0.5118 0.5512, -0.5866 0.5184 0.5512, -0.5878 0.5181 0.5512, -0.5766 0.5247 0.5588, -0.5721 0.5275 0.5579, -0.5686 0.53 0.557, -0.5655 0.5326 0.5559, -0.5629 0.535 0.5547, -0.5606 0.5374 0.5533, -0.5587 0.5398 0.5517, 0.5512 0.5515 0.2362, 0.6064 0.5154 0.5905, 0.6109 0.5145 0.5905, 0.6033 0.5153 0.5708, 0.6299 0.5118 0.5906, 0.6299 0.5118 0.5512, 0.62 0.5124 0.5905, 0.6126 0.5128 0.5512, 0.5856 0.5255 0.5894, 0.59 0.523 0.5897, 0.5899 0.52 0.5703, 0.5961 0.5196 0.5901, 0.596 0.5176 0.5706, 0.5973 0.5189 0.5902, 0.6033 0.5166 0.5904, 0.5842 0.5266 0.5891, 0.5841 0.5229 0.5699, 0.5798 0.5299 0.5885, 0.5792 0.5257 0.5692, 0.5749 0.5347 0.587, 0.5775 0.5322 0.5878, 0.5793 0.5304 0.5883, 0.562 0.5511 0.5798, 0.5625 0.5404 0.5635, 0.5603 0.5433 0.5618, 0.5584 0.5461 0.5599, 0.5594 0.5555 0.5773, 0.5605 0.5537 0.5783, 0.5532 0.5732 0.5611, 0.5543 0.5691 0.5655, 0.5541 0.5549 0.5522, 0.5548 0.5673 0.5674, 0.5555 0.5517 0.5553, 0.5555 0.5651 0.5698, 0.5568 0.549 0.5577, 0.5555 0.5649 0.5699, 0.5586 0.5575 0.5757, 0.5531 0.5734 0.5609, 0.552 0.5796 0.5517, 0.5519 0.5799 0.5511, 0.5518 0.5806 0.5502, 0.5514 0.5852 0.54, 0.5513 0.5861 0.5378, 0.5512 0.5876 0.5321, 0.5512 0.5892 0.5261, 0.5512 0.5893 0.5257, 0.5603 0.538 0.5534, 0.5584 0.5403 0.5518, 0.565 0.5332 0.556, 0.5625 0.5356 0.5548, 0.5711 0.5284 0.558, 0.5678 0.5308 0.5571, 0.5711 0.5317 0.5674, 0.5747 0.5289 0.5684, 0.5899 0.5174 0.5512, 0.5866 0.5184 0.5512, 0.5627 0.5499 0.5805, 0.565 0.5461 0.5827, 0.565 0.5375 0.565, 0.5679 0.5424 0.5843, 0.5678 0.5347 0.5663, 0.5707 0.5388 0.5858, 0.6108 0.5131 0.5512, 0.6033 0.5144 0.5512, 0.5963 0.5156 0.5512, -0.5512 -0.5906 0.5118, -0.5512 -0.5515 0.2362, -0.6039 -0.5163 0.5904, -0.6109 -0.5144 0.5905, -0.6026 -0.5155 0.5708, -0.6299 -0.5118 0.5906, -0.6299 -0.5118 0.5512, -0.616 -0.5131 0.5905, -0.6108 -0.513 0.5512, -0.6105 -0.513 0.5512, -0.6082 -0.5133 0.5512, -0.6027 -0.5168 0.5904, -0.5947 -0.5181 0.5706, -0.5948 -0.5203 0.5901, -0.5917 -0.5217 0.5899, -0.5879 -0.5209 0.5702, -0.5881 -0.5242 0.5895, -0.5816 -0.5243 0.5696, -0.5816 -0.5285 0.5887, -0.5807 -0.5291 0.5886, -0.5767 -0.5274 0.5688, -0.5775 -0.5322 0.5878, -0.5769 -0.5327 0.5876, -0.5722 -0.5308 0.5678, -0.5723 -0.5371 0.5863, -0.5717 -0.5376 0.5862, -0.5687 -0.5338 0.5667, -0.5689 -0.5411 0.5847, -0.5656 -0.5369 0.5653, -0.5657 -0.5453 0.583, -0.5646 -0.5466 0.5824, -0.563 -0.5398 0.5638, -0.5631 -0.5491 0.581, -0.562 -0.5511 0.5798, -0.5607 -0.5428 0.5621, -0.5609 -0.5531 0.5787, -0.5592 -0.5561 0.5769, -0.5587 -0.5457 0.5602, -0.5572 -0.5608 0.5733, -0.557 -0.5486 0.558, -0.5559 -0.5637 0.5711, -0.5556 -0.5514 0.5556, -0.5545 -0.5541 0.553, -0.5535 -0.5718 0.5627, -0.5546 -0.568 0.5666, -0.5549 -0.5673 0.5673, -0.5557 -0.5645 0.5702, -0.5533 -0.5725 0.562, -0.5527 -0.5752 0.5583, -0.5524 -0.5769 0.5561, -0.552 -0.5797 0.551, -0.5518 -0.5814 0.548, -0.5515 -0.5835 0.5443, -0.5513 -0.5865 0.5366, -0.5512 -0.5868 0.5357, -0.5512 -0.5876 0.5321, -0.5512 -0.5897 0.5229, -0.5512 -0.5899 0.5221, -0.5656 -0.5326 0.5563, -0.563 -0.5351 0.5551, -0.5607 -0.5376 0.5536, -0.5587 -0.54 0.552, -0.5687 -0.5301 0.5574, -0.5722 -0.5276 0.5583, -0.5767 -0.5248 0.5592, -0.6027 -0.5145 0.5512, -0.5947 -0.5161 0.5512, -0.5923 -0.5166 0.5512, -0.5879 -0.518 0.5512, -0.5866 -0.5184 0.5512, 0.5512 -0.5906 0.5118, 0.5512 -0.5906 0.1969, 0.5512 -0.5515 0.2362, 0.5512 -0.5873 0.1969, 0.5512 -0.5512 0.2362, 0.5512 -0.5512 0.1969, 0.5512 -0.5893 0.5257, 0.5512 -0.5892 0.5261, 0.5512 -0.5876 0.5321, 0.5513 -0.5861 0.5378, 0.5514 -0.5852 0.54, 0.5518 -0.5806 0.5502, 0.5519 -0.5799 0.5511, 0.552 -0.5796 0.5517, 0.5531 -0.5734 0.5609, 0.5531 -0.5732 0.5611, 0.5554 -0.5516 0.5551, 0.5548 -0.5673 0.5674, 0.5541 -0.5547 0.552, 0.5543 -0.5691 0.5654, 0.5603 -0.5432 0.5616, 0.5594 -0.5555 0.5773, 0.5584 -0.546 0.5597, 0.5586 -0.5575 0.5757, 0.5568 -0.5489 0.5575, 0.5555 -0.5649 0.5699, 0.5555 -0.5651 0.5698, 0.5775 -0.5322 0.5878, 0.5748 -0.5348 0.587, 0.5746 -0.5289 0.5681, 0.5707 -0.5388 0.5858, 0.571 -0.5317 0.5672, 0.5679 -0.5424 0.5843, 0.5677 -0.5346 0.5661, 0.565 -0.5461 0.5827, 0.565 -0.5374 0.5648, 0.5627 -0.5499 0.5805, 0.5625 -0.5403 0.5633, 0.562 -0.5511 0.5798, 0.5604 -0.5538 0.5783, 0.5798 -0.5299 0.5885, 0.5792 -0.5305 0.5883, 0.5792 -0.5257 0.569, 0.5841 -0.5266 0.5891, 0.5841 -0.5228 0.5696, 0.5856 -0.5255 0.5894, 0.5899 -0.52 0.5701, 0.59 -0.523 0.5897, 0.5961 -0.5175 0.5704, 0.6034 -0.5153 0.5706, 0.5973 -0.5189 0.5902, 0.5961 -0.5196 0.5901, 0.611 -0.5144 0.5905, 0.6064 -0.5154 0.5905, 0.6034 -0.5166 0.5904, 0.6299 -0.5118 0.5512, 0.6299 -0.5118 0.5906, 0.6245 -0.5119 0.5512, 0.62 -0.5124 0.5905, 0.6221 -0.512 0.5512, 0.6109 -0.5133 0.5512, 0.5961 -0.516 0.5512, 0.6032 -0.5142 0.5512, 0.6034 -0.5141 0.5512, 0.5866 -0.5184 0.5512, 0.59 -0.5175 0.5512, 0.5625 -0.5354 0.5545, 0.565 -0.533 0.5557, 0.5677 -0.5307 0.5567, 0.571 -0.5283 0.5577, 0.5603 -0.5378 0.5531, 0.5584 -0.5401 0.5515
            ]
        }
        coordIndex [
            0,1,2,-1,2,1,3,-1,2,3,4,-1,4,3,5,-1,4,5,6,-1,6,5,7,-1,8,9,10,-1,10,9,11,-1,12,13,14,-1,14,13,15,-1,16,17,18,-1,18,17,19,-1,18,19,20,-1,20,19,21,-1,20,21,22,-1,22,21,23,-1,8,24,9,-1,9,24,25,-1,9,25,26,-1,27,28,15,-1,15,28,29,-1,15,29,14,-1,30,31,16,-1,16,31,17,-1,22,23,32,-1,32,23,33,-1,34,35,36,-1,36,35,37,-1,36,37,38,-1,38,37,39,-1,38,39,40,-1,40,39,41,-1,42,43,44,-1,44,43,45,-1,44,45,46,-1,46,45,47,-1,46,47,48,-1,48,47,49,-1,10,11,40,-1,40,11,38,-1,49,47,12,-1,12,47,13,-1,30,41,31,-1,31,41,39,-1,31,39,50,-1,51,46,33,-1,33,46,48,-1,33,48,32,-1,52,53,54,-1,54,53,55,-1,56,57,58,-1,58,57,59,-1,60,61,57,-1,57,61,62,-1,57,62,59,-1,63,64,65,-1,65,64,66,-1,65,66,67,-1,67,66,68,-1,67,68,69,-1,69,68,70,-1,63,65,58,-1,58,65,56,-1,71,66,53,-1,53,66,64,-1,53,64,55,-1,72,73,74,-1,74,75,72,-1,72,75,76,-1,72,76,77,-1,78,79,80,-1,80,79,81,-1,80,81,82,-1,82,83,80,-1,80,83,84,-1,80,84,85,-1,77,86,72,-1,72,86,87,-1,72,87,88,-1,88,87,89,-1,88,89,90,-1,90,91,88,-1,88,91,92,-1,88,92,93,-1,94,95,96,-1,96,95,88,-1,96,88,97,-1,97,88,93,-1,85,98,80,-1,80,98,99,-1,80,99,100,-1,100,99,101,-1,101,102,100,-1,100,102,103,-1,100,103,104,-1,104,105,100,-1,100,105,106,-1,100,106,107,-1,108,109,94,-1,94,109,110,-1,94,110,111,-1,111,112,94,-1,94,112,113,-1,94,113,114,-1,78,95,79,-1,79,95,94,-1,79,94,115,-1,115,94,114,-1,108,116,109,-1,109,116,117,-1,109,117,118,-1,119,120,121,-1,121,120,122,-1,121,122,123,-1,118,124,109,-1,109,124,121,-1,109,121,125,-1,125,121,123,-1,121,126,119,-1,119,126,127,-1,119,127,128,-1,128,129,119,-1,119,129,130,-1,119,130,131,-1,131,130,132,-1,132,130,133,-1,133,130,134,-1,133,134,135,-1,135,136,133,-1,133,136,137,-1,133,137,138,-1,138,137,139,-1,138,139,140,-1,140,139,141,-1,140,141,142,-1,143,144,145,-1,146,147,148,-1,149,150,151,-1,151,152,149,-1,149,152,153,-1,149,153,154,-1,155,156,157,-1,157,156,149,-1,157,149,158,-1,158,149,154,-1,159,160,161,-1,159,161,162,-1,155,163,156,-1,156,163,164,-1,156,164,165,-1,165,166,156,-1,156,166,167,-1,156,167,168,-1,168,167,148,-1,168,148,169,-1,169,148,147,-1,169,147,161,-1,161,147,170,-1,161,170,162,-1,160,171,161,-1,161,171,172,-1,161,172,173,-1,173,172,174,-1,173,174,175,-1,175,176,173,-1,173,176,177,-1,173,177,178,-1,178,179,173,-1,173,179,180,-1,173,180,181,-1,182,183,148,-1,182,148,184,-1,184,148,185,-1,184,185,186,-1,183,187,148,-1,148,187,188,-1,148,188,146,-1,186,189,184,-1,184,189,190,-1,184,190,191,-1,192,193,194,-1,145,144,195,-1,194,196,192,-1,192,196,197,-1,192,197,198,-1,198,197,144,-1,144,197,199,-1,144,199,195,-1,191,200,184,-1,184,200,194,-1,184,194,201,-1,201,194,193,-1,145,202,143,-1,143,202,203,-1,143,203,204,-1,204,203,205,-1,205,203,206,-1,206,203,207,-1,206,207,208,-1,5,3,209,-1,209,3,208,-1,209,208,210,-1,210,208,207,-1,211,212,213,-1,213,212,214,-1,213,214,215,-1,215,214,216,-1,217,218,219,-1,219,220,217,-1,217,220,221,-1,217,221,222,-1,223,224,225,-1,225,224,142,-1,225,142,226,-1,226,142,141,-1,226,141,227,-1,227,141,228,-1,5,19,7,-1,7,19,17,-1,7,17,229,-1,229,17,31,-1,229,31,25,-1,25,31,26,-1,230,231,232,-1,233,234,235,-1,19,5,236,-1,236,5,209,-1,236,209,237,-1,209,210,237,-1,237,210,207,-1,237,207,238,-1,238,207,203,-1,238,203,239,-1,239,203,202,-1,239,202,240,-1,240,202,241,-1,241,202,145,-1,241,145,242,-1,145,195,242,-1,242,195,199,-1,242,199,243,-1,243,199,197,-1,243,197,244,-1,244,197,196,-1,244,196,245,-1,245,196,246,-1,246,196,194,-1,246,194,235,-1,247,248,249,-1,249,248,250,-1,249,250,251,-1,251,250,252,-1,251,252,253,-1,253,252,254,-1,253,254,255,-1,255,254,256,-1,255,256,233,-1,233,256,257,-1,233,257,234,-1,258,259,260,-1,260,259,261,-1,260,261,262,-1,262,261,263,-1,262,263,264,-1,264,263,265,-1,264,265,247,-1,247,265,266,-1,247,266,248,-1,267,268,258,-1,258,268,269,-1,258,269,259,-1,270,271,272,-1,272,271,273,-1,272,273,232,-1,232,273,274,-1,232,274,230,-1,275,276,270,-1,270,276,277,-1,270,277,271,-1,232,278,272,-1,272,278,279,-1,272,279,270,-1,270,279,280,-1,270,280,275,-1,275,280,281,-1,275,281,282,-1,282,281,283,-1,282,283,284,-1,284,283,285,-1,284,285,286,-1,151,150,231,-1,231,150,287,-1,231,287,232,-1,232,287,288,-1,232,288,278,-1,151,231,152,-1,152,231,289,-1,152,289,153,-1,153,289,290,-1,153,290,154,-1,154,290,158,-1,158,290,291,-1,158,291,157,-1,157,291,155,-1,155,291,292,-1,155,292,163,-1,163,292,293,-1,163,293,164,-1,164,293,294,-1,164,294,165,-1,165,294,295,-1,165,295,166,-1,167,251,148,-1,148,251,253,-1,148,253,185,-1,185,253,255,-1,185,255,186,-1,194,200,235,-1,235,200,191,-1,235,191,233,-1,233,191,190,-1,233,190,255,-1,255,190,189,-1,255,189,186,-1,230,267,231,-1,231,267,258,-1,231,258,289,-1,289,258,260,-1,289,260,290,-1,290,260,262,-1,290,262,291,-1,291,262,264,-1,291,264,292,-1,292,264,247,-1,292,247,293,-1,293,247,249,-1,293,249,294,-1,294,249,251,-1,294,251,295,-1,295,251,167,-1,295,167,166,-1,23,21,3,-1,296,28,27,-1,3,1,23,-1,23,1,296,-1,23,296,33,-1,33,296,27,-1,297,298,299,-1,300,301,302,-1,302,301,303,-1,302,303,298,-1,304,305,306,-1,306,305,307,-1,306,307,308,-1,308,307,309,-1,308,309,299,-1,299,309,310,-1,299,310,297,-1,311,312,313,-1,313,312,314,-1,315,316,314,-1,314,316,317,-1,314,317,313,-1,318,319,320,-1,321,322,320,-1,320,322,323,-1,320,323,318,-1,324,325,326,-1,326,325,327,-1,326,327,328,-1,328,327,329,-1,328,329,330,-1,330,329,331,-1,330,331,321,-1,321,331,332,-1,321,332,322,-1,326,182,184,-1,326,184,324,-1,324,184,201,-1,324,201,333,-1,333,201,193,-1,333,193,334,-1,193,192,334,-1,334,192,198,-1,334,198,335,-1,335,198,144,-1,335,144,336,-1,336,144,143,-1,336,143,337,-1,337,143,204,-1,337,204,338,-1,338,204,205,-1,338,205,339,-1,339,205,206,-1,339,206,340,-1,340,206,208,-1,340,208,341,-1,341,208,3,-1,341,3,21,-1,182,326,183,-1,183,326,328,-1,183,328,187,-1,187,328,330,-1,187,330,188,-1,342,170,343,-1,343,170,147,-1,344,160,345,-1,345,160,159,-1,345,159,342,-1,342,159,162,-1,342,162,170,-1,176,175,346,-1,346,175,174,-1,346,174,347,-1,347,174,172,-1,347,172,344,-1,344,172,171,-1,344,171,160,-1,176,348,177,-1,177,348,349,-1,177,349,178,-1,178,349,179,-1,350,351,312,-1,318,352,319,-1,319,352,353,-1,319,353,354,-1,354,353,355,-1,354,355,356,-1,356,355,357,-1,356,357,348,-1,348,357,315,-1,348,315,349,-1,349,315,314,-1,349,314,179,-1,179,314,312,-1,179,312,180,-1,180,312,351,-1,180,351,181,-1,303,358,298,-1,298,358,359,-1,298,359,299,-1,299,359,360,-1,299,360,308,-1,308,360,350,-1,308,350,306,-1,306,350,312,-1,306,312,304,-1,304,312,311,-1,176,346,348,-1,348,346,347,-1,348,347,356,-1,356,347,344,-1,356,344,354,-1,354,344,345,-1,354,345,319,-1,319,345,342,-1,319,342,320,-1,320,342,343,-1,320,343,321,-1,321,343,147,-1,321,147,330,-1,330,147,146,-1,330,146,188,-1,52,361,142,-1,362,61,60,-1,142,224,52,-1,52,224,362,-1,52,362,53,-1,53,362,60,-1,363,364,365,-1,366,367,368,-1,368,367,369,-1,368,369,364,-1,369,370,364,-1,364,370,371,-1,364,371,365,-1,363,365,372,-1,372,365,373,-1,372,373,374,-1,374,373,375,-1,375,373,376,-1,375,376,377,-1,377,376,378,-1,377,378,379,-1,379,378,380,-1,380,378,381,-1,380,381,382,-1,382,381,383,-1,383,381,384,-1,383,384,385,-1,385,384,386,-1,386,384,387,-1,386,387,388,-1,388,387,389,-1,388,389,390,-1,390,389,391,-1,391,389,392,-1,391,392,393,-1,393,392,394,-1,394,392,395,-1,394,395,396,-1,396,395,397,-1,397,395,398,-1,397,398,399,-1,399,400,401,-1,401,400,402,-1,403,112,111,-1,404,405,403,-1,403,405,406,-1,403,406,402,-1,402,406,407,-1,402,407,401,-1,403,111,404,-1,404,111,110,-1,404,110,408,-1,408,110,109,-1,408,109,409,-1,409,109,125,-1,409,125,410,-1,410,125,123,-1,410,123,411,-1,411,123,412,-1,412,123,122,-1,412,122,413,-1,413,122,120,-1,413,120,414,-1,120,119,414,-1,414,119,131,-1,414,131,415,-1,415,131,132,-1,415,132,416,-1,416,132,133,-1,416,133,417,-1,133,138,417,-1,417,138,140,-1,417,140,418,-1,418,140,142,-1,418,142,361,-1,112,403,113,-1,113,403,402,-1,113,402,114,-1,114,402,400,-1,114,400,115,-1,399,398,400,-1,400,398,79,-1,400,79,115,-1,419,85,420,-1,420,85,84,-1,420,84,421,-1,421,84,83,-1,421,83,422,-1,422,83,82,-1,422,82,81,-1,423,99,419,-1,419,99,98,-1,419,98,85,-1,103,102,423,-1,423,102,101,-1,423,101,99,-1,423,424,103,-1,103,424,425,-1,103,425,104,-1,378,106,105,-1,371,426,365,-1,365,426,427,-1,365,427,373,-1,373,427,428,-1,373,428,376,-1,376,428,429,-1,376,429,378,-1,378,429,430,-1,378,430,106,-1,106,430,107,-1,105,104,378,-1,378,104,425,-1,378,425,381,-1,381,425,424,-1,381,424,384,-1,384,424,423,-1,384,423,387,-1,387,423,419,-1,387,419,389,-1,389,419,420,-1,389,420,392,-1,392,420,421,-1,392,421,395,-1,395,421,422,-1,395,422,398,-1,398,422,81,-1,398,81,79,-1,141,431,228,-1,228,431,432,-1,228,432,433,-1,433,432,434,-1,433,434,435,-1,435,434,436,-1,431,141,437,-1,437,141,139,-1,437,139,438,-1,438,139,137,-1,438,137,439,-1,439,137,136,-1,439,136,440,-1,440,136,135,-1,440,135,441,-1,441,135,134,-1,441,134,442,-1,442,134,130,-1,442,130,443,-1,443,130,444,-1,130,129,444,-1,444,129,128,-1,444,128,445,-1,445,128,127,-1,445,127,446,-1,447,448,449,-1,449,448,450,-1,449,450,446,-1,451,452,453,-1,453,452,454,-1,453,454,455,-1,455,454,456,-1,455,456,447,-1,447,456,457,-1,447,457,448,-1,458,459,460,-1,460,459,461,-1,460,461,462,-1,462,461,463,-1,462,463,464,-1,464,463,465,-1,464,465,466,-1,466,465,467,-1,466,467,468,-1,468,467,469,-1,468,469,451,-1,451,469,470,-1,451,470,452,-1,471,472,473,-1,473,472,458,-1,474,475,476,-1,476,475,477,-1,476,477,478,-1,478,477,479,-1,480,481,479,-1,479,481,482,-1,479,482,478,-1,483,484,480,-1,480,484,485,-1,480,485,481,-1,486,487,488,-1,488,487,489,-1,488,489,490,-1,490,489,483,-1,490,483,491,-1,491,483,480,-1,477,492,479,-1,479,492,493,-1,479,493,480,-1,480,493,494,-1,480,494,491,-1,74,73,475,-1,475,73,495,-1,475,495,477,-1,477,495,496,-1,477,496,492,-1,474,471,475,-1,475,471,473,-1,475,473,74,-1,74,473,75,-1,458,460,473,-1,473,460,76,-1,473,76,75,-1,497,91,498,-1,498,91,90,-1,498,90,499,-1,499,90,89,-1,499,89,500,-1,500,89,87,-1,500,87,86,-1,97,93,497,-1,497,93,92,-1,497,92,91,-1,497,501,97,-1,97,501,502,-1,97,502,96,-1,96,502,94,-1,94,453,108,-1,108,453,455,-1,108,455,116,-1,116,455,447,-1,116,447,117,-1,127,126,446,-1,446,126,121,-1,446,121,449,-1,449,121,124,-1,449,124,447,-1,447,124,118,-1,447,118,117,-1,94,502,453,-1,453,502,501,-1,453,501,451,-1,451,501,497,-1,451,497,468,-1,468,497,498,-1,468,498,466,-1,466,498,499,-1,466,499,464,-1,464,499,500,-1,464,500,462,-1,462,500,86,-1,462,86,460,-1,460,86,77,-1,460,77,76,-1,
        ]
    }
}
Shape{
    appearance Appearance {
        material  Material {
            diffuseColor 0.2235294117647059 0.2235294117647059 0.2235294117647059
            specularColor 0.11372549019607843 0.11372549019607843 0.11372549019607843
            ambientIntensity 0.2235
            transparency 0.0
            shininess 0.5
        }
    }
    geometry IndexedFaceSet {
        ccw TRUE
        solid FALSE
        coord DEF co Coordinate {
            point [
                0.5368 -0.5331 0.5449, -0.5368 -0.5331 0.5449, 0.5368 -0.5331 0.4111, -0.5368 -0.5331 0.4111, -0.5368 0.5331 0.5449, 0.5368 0.5331 0.5449, -0.5368 0.5331 0.4111, 0.5368 0.5331 0.4111, -0.5461 0.527 0.5473, -0.5589 0.5185 0.5506, 0.5589 0.5185 0.5506, 0.5461 0.527 0.5473, 0.5461 -0.527 0.5473, 0.5589 -0.5185 0.5506, -0.5589 -0.5185 0.5506, -0.5461 -0.527 0.5473
            ]
        }
        coordIndex [
            0,1,2,-1,2,1,3,-1,4,5,6,-1,6,5,7,-1,4,6,8,-1,8,6,9,-1,10,7,11,-1,11,7,5,-1,0,2,12,-1,12,2,13,-1,14,3,15,-1,15,3,1,-1,
        ]
    }
}
Shape{
    appearance Appearance {
        material  Material {
            diffuseColor 0.7529411764705882 0.7529411764705882 0.7529411764705882
            specularColor 0.3764705882352941 0.3764705882352941 0.3764705882352941
            ambientIntensity 0.7529
            transparency 0.0
            shininess 0.5
        }
    }
    geometry IndexedFaceSet {
        ccw TRUE
        solid FALSE
        coord DEF co Coordinate {
            point [
                0.5512 -0.5873 0.1969, 0.5512 -0.5906 0.1969, 0.4498 -0.5873 0.1969, 0.4498 -0.5906 0.1969, 0.5452 -0.5512 0.1969, 0.5428 -0.5528 0.1969, 0.4498 -0.5512 0.1969, 0.4498 -0.5528 0.1969, -0.5428 -0.5528 0.1969, -0.5428 -0.5528 0.0, -0.5452 -0.5512 0.1969, -0.654 -0.479 0.0, -0.654 -0.479 0.1969, 0.654 -0.479 0.1969, 0.654 -0.479 0.0, 0.5428 -0.5528 0.0, -0.5512 -0.5906 0.5118, 0.5512 -0.5906 0.5118, -0.5512 -0.5899 0.5221, 0.5512 -0.5893 0.5257, -0.5512 -0.5897 0.5229, -0.5512 -0.5876 0.5321, 0.5512 -0.5892 0.5261, 0.5512 -0.5876 0.5321, -0.5512 -0.5868 0.5357, 0.5513 -0.5861 0.5378, -0.5513 -0.5865 0.5366, -0.5515 -0.5835 0.5443, -0.552 -0.5797 0.551, -0.5518 -0.5814 0.548, 0.5518 -0.5806 0.5502, 0.5514 -0.5852 0.54, -0.5535 -0.5718 0.5627, -0.5533 -0.5725 0.562, 0.5531 -0.5734 0.5609, -0.5527 -0.5752 0.5583, -0.5524 -0.5769 0.5561, 0.552 -0.5796 0.5517, 0.5519 -0.5799 0.5511, 0.5531 -0.5732 0.5611, -0.5549 -0.5673 0.5673, -0.5546 -0.568 0.5666, -0.5592 -0.5561 0.5769, -0.5572 -0.5608 0.5733, 0.5555 -0.5649 0.5699, -0.5559 -0.5637 0.5711, 0.5555 -0.5651 0.5698, -0.5557 -0.5645 0.5702, 0.5548 -0.5673 0.5674, 0.5543 -0.5691 0.5654, -0.562 -0.5511 0.5798, -0.5609 -0.5531 0.5787, 0.5594 -0.5555 0.5773, 0.5586 -0.5575 0.5757, 0.562 -0.5511 0.5798, 0.5627 -0.5499 0.5805, -0.5775 -0.5322 0.5878, -0.5769 -0.5327 0.5876, -0.5723 -0.5371 0.5863, -0.5717 -0.5376 0.5862, 0.565 -0.5461 0.5827, 0.5679 -0.5424 0.5843, 0.5707 -0.5388 0.5858, -0.5689 -0.5411 0.5847, -0.5657 -0.5453 0.583, -0.5646 -0.5466 0.5824, 0.5604 -0.5538 0.5783, -0.5631 -0.5491 0.581, -0.6299 -0.5118 0.5906, -0.616 -0.5131 0.5905, 0.6299 -0.5118 0.5906, -0.6109 -0.5144 0.5905, -0.6039 -0.5163 0.5904, -0.6027 -0.5168 0.5904, -0.5948 -0.5203 0.5901, -0.5917 -0.5217 0.5899, -0.5881 -0.5242 0.5895, -0.5816 -0.5285 0.5887, -0.5807 -0.5291 0.5886, 0.5748 -0.5348 0.587, 0.5775 -0.5322 0.5878, 0.5792 -0.5305 0.5883, 0.5798 -0.5299 0.5885, 0.5841 -0.5266 0.5891, 0.5856 -0.5255 0.5894, 0.59 -0.523 0.5897, 0.5961 -0.5196 0.5901, 0.5973 -0.5189 0.5902, 0.6034 -0.5166 0.5904, 0.6064 -0.5154 0.5905, 0.611 -0.5144 0.5905, 0.62 -0.5124 0.5905, 0.4498 -0.5906 0.3521, -0.4439 -0.5906 0.3521, -0.4439 -0.5906 0.1969, -0.5512 -0.5906 0.1969, 0.4498 -0.5512 0.2362, 0.5512 -0.5512 0.2362, 0.5512 -0.5512 0.1969, -0.616 0.5131 0.5905, -0.6299 0.5118 0.5906, 0.6299 0.5118 0.5906, 0.6109 0.5145 0.5905, 0.6064 0.5154 0.5905, -0.5807 0.5291 0.5886, 0.6033 0.5166 0.5904, 0.5973 0.5189 0.5902, 0.5961 0.5196 0.5901, 0.59 0.523 0.5897, 0.5856 0.5255 0.5894, -0.5775 0.5322 0.5878, 0.5842 0.5266 0.5891, 0.5798 0.5299 0.5885, -0.5815 0.5286 0.5887, 0.62 0.5124 0.5905, -0.6108 0.5144 0.5905, -0.588 0.5242 0.5895, -0.5917 0.5217 0.5899, -0.5947 0.5204 0.59, -0.6026 0.5169 0.5904, -0.6039 0.5163 0.5904, 0.5749 0.5347 0.587, 0.5707 0.5388 0.5858, -0.5646 0.5466 0.5824, -0.5688 0.5413 0.5847, -0.5717 0.5376 0.5862, 0.5775 0.5322 0.5878, -0.5656 0.5454 0.583, 0.5793 0.5304 0.5883, -0.5768 0.5328 0.5876, -0.5549 0.5673 0.5673, -0.5559 0.5637 0.571, 0.562 0.5511 0.5798, -0.5571 0.5608 0.5732, -0.5592 0.556 0.577, 0.5679 0.5424 0.5843, 0.565 0.5461 0.5827, -0.5631 0.5492 0.5809, 0.5627 0.5499 0.5805, -0.562 0.5511 0.5798, -0.5608 0.5532 0.5786, 0.5605 0.5537 0.5783, 0.5594 0.5555 0.5773, 0.5586 0.5575 0.5757, 0.5555 0.5649 0.5699, 0.5555 0.5651 0.5698, 0.5548 0.5673 0.5674, 0.5543 0.5691 0.5655, 0.5532 0.5732 0.5611, 0.5531 0.5734 0.5609, -0.5533 0.5725 0.562, -0.5535 0.5719 0.5626, -0.5546 0.5681 0.5665, 0.5513 0.5861 0.5378, 0.5512 0.5876 0.5321, -0.5512 0.5876 0.5321, -0.5515 0.5835 0.5443, 0.5519 0.5799 0.5511, -0.5513 0.5865 0.5366, -0.5512 0.5868 0.5357, -0.5518 0.5815 0.548, -0.552 0.5797 0.551, 0.552 0.5796 0.5517, -0.5524 0.5769 0.5561, -0.5527 0.5753 0.5583, 0.5514 0.5852 0.54, 0.5518 0.5806 0.5502, 0.5512 0.5906 0.5118, -0.5512 0.5906 0.5118, 0.5512 0.5893 0.5257, -0.5512 0.5899 0.5221, 0.5512 0.5892 0.5261, -0.5512 0.5897 0.5229, 0.7772 -0.2769 0.5906, 0.7874 -0.2756 0.5906, 0.7874 0.2756 0.5906, 0.3543 0.0 0.5906, 0.7772 0.2769 0.5906, -0.7874 0.5118 0.5906, -0.7874 0.3543 0.5906, -0.7772 0.353 0.5906, 0.7677 0.2809 0.5906, 0.7596 0.2871 0.5906, 0.3529 0.0318 0.5906, 0.7874 -0.5118 0.5906, 0.7874 -0.3543 0.5906, 0.7772 -0.353 0.5906, -0.7677 0.3491 0.5906, -0.7596 0.3428 0.5906, 0.2449 0.2561 0.5906, 0.7533 0.2953 0.5906, 0.1952 0.2957 0.5906, 0.1393 0.3258 0.5906, 0.2867 0.2083 0.5906, 0.3192 0.1537 0.5906, 0.3416 0.0943 0.5906, 0.7494 0.3048 0.5906, 0.0159 0.354 0.5906, 0.0788 0.3454 0.5906, 0.7677 0.3491 0.5906, 0.7874 0.5118 0.5906, 0.7772 0.353 0.5906, 0.7874 0.3543 0.5906, 0.7677 -0.3491 0.5906, 0.7596 -0.3428 0.5906, 0.7533 -0.3346 0.5906, 0.7494 -0.3252 0.5906, -0.1095 -0.337 0.5906, -0.748 -0.315 0.5906, -0.0476 -0.3511 0.5906, -0.7494 -0.3252 0.5906, 0.0159 -0.354 0.5906, -0.7533 -0.3346 0.5906, -0.7596 -0.3428 0.5906, -0.7677 -0.3491 0.5906, -0.7874 -0.5118 0.5906, -0.7772 -0.353 0.5906, -0.7874 -0.3543 0.5906, -0.7533 0.3346 0.5906, -0.7494 0.3252 0.5906, -0.748 0.315 0.5906, -0.3317 -0.1245 0.5906, -0.7596 0.2871 0.5906, -0.3042 -0.1817 0.5906, -0.7677 0.2809 0.5906, -0.2668 -0.2331 0.5906, -0.7596 -0.2871 0.5906, -0.7677 -0.2809 0.5906, -0.7772 -0.2769 0.5906, -0.7772 0.2769 0.5906, -0.7874 -0.2756 0.5906, -0.7874 0.2756 0.5906, -0.7533 -0.2953 0.5906, -0.7494 -0.3048 0.5906, -0.2209 -0.277 0.5906, -0.1679 -0.312 0.5906, 0.7494 -0.3048 0.5906, 0.2867 -0.2083 0.5906, 0.748 -0.315 0.5906, 0.2449 -0.2561 0.5906, 0.7677 -0.2809 0.5906, 0.7596 -0.2871 0.5906, 0.3529 -0.0318 0.5906, 0.7533 -0.2953 0.5906, 0.3416 -0.0943 0.5906, 0.3192 -0.1537 0.5906, -0.3486 -0.0633 0.5906, -0.3543 0.0 0.5906, -0.7533 0.2953 0.5906, -0.3486 0.0633 0.5906, -0.3317 0.1245 0.5906, -0.7494 0.3048 0.5906, -0.3042 0.1817 0.5906, -0.2668 0.2331 0.5906, -0.2209 0.277 0.5906, -0.1679 0.312 0.5906, 0.0788 -0.3454 0.5906, 0.1393 -0.3258 0.5906, 0.1952 -0.2957 0.5906, -0.1095 0.337 0.5906, -0.0476 0.3511 0.5906, 0.748 0.315 0.5906, 0.7494 0.3252 0.5906, 0.7533 0.3346 0.5906, 0.7596 0.3428 0.5906, -0.7874 0.5118 0.5512, -0.7874 0.3543 0.5512, 0.7874 -0.5118 0.5512, 0.7874 -0.3543 0.5512, -0.7669 0.5118 0.5512, -0.6299 0.5118 0.5512, 0.6299 0.5118 0.5512, 0.7669 0.5118 0.5512, 0.7874 0.5118 0.5512, -0.6299 -0.5118 0.5512, -0.7669 -0.5118 0.5512, -0.7874 -0.5118 0.5512, 0.7669 -0.5118 0.5512, 0.6299 -0.5118 0.5512, -0.5512 -0.5512 0.1969, -0.7669 -0.479 0.1969, -0.7669 -0.5184 0.1969, -0.5512 -0.5873 0.1969, -0.5621 -0.5873 0.1969, -0.6659 -0.5184 0.1969, -0.7669 -0.5184 0.0, -0.6659 -0.5184 0.0, -0.7669 -0.479 0.0, -0.5621 -0.5873 0.0, 0.7669 -0.479 0.0, 0.7669 -0.5184 0.0, 0.6659 -0.5184 0.0, 0.5621 -0.5873 0.0, 0.4498 -0.5528 0.0, 0.4498 -0.5873 0.0, 0.7669 -0.479 0.1969, 0.7669 -0.5184 0.1969, 0.6659 -0.5184 0.1969, 0.5621 -0.5873 0.1969, -0.654 0.479 0.1969, -0.5452 0.5512 0.1969, -0.5512 0.5512 0.1969, -0.7669 0.5184 0.1969, -0.7669 0.479 0.1969, -0.6659 0.5184 0.1969, -0.5621 0.5873 0.1969, -0.5512 0.5873 0.1969, -0.6659 0.5184 0.0, -0.7669 0.5184 0.0, -0.5621 0.5873 0.0, -0.654 0.479 0.0, -0.5428 0.5528 0.0, -0.5428 0.5528 0.1969, -0.7669 0.479 0.0, 0.5512 0.5512 0.1969, 0.5452 0.5512 0.1969, 0.654 0.479 0.1969, 0.7669 0.479 0.1969, 0.7669 0.5184 0.1969, 0.5512 0.5873 0.1969, 0.5621 0.5873 0.1969, 0.6659 0.5184 0.1969, 0.654 0.479 0.0, 0.7669 0.479 0.0, 0.5428 0.5528 0.1969, 0.5428 0.5528 0.0, 0.6659 0.5184 0.0, 0.5621 0.5873 0.0, 0.7669 0.5184 0.0
            ]
        }
        coordIndex [
            0,1,2,-1,2,1,3,-1,4,5,6,-1,6,5,7,-1,8,9,10,-1,10,9,11,-1,10,11,12,-1,13,14,4,-1,4,14,15,-1,4,15,5,-1,16,17,18,-1,18,17,19,-1,18,19,20,-1,20,19,21,-1,19,22,21,-1,21,22,23,-1,21,23,24,-1,24,23,25,-1,24,25,26,-1,26,25,27,-1,28,29,30,-1,30,29,27,-1,30,27,31,-1,31,27,25,-1,32,33,34,-1,33,35,34,-1,34,35,36,-1,34,36,37,-1,37,36,28,-1,37,28,38,-1,38,28,30,-1,39,40,34,-1,34,40,41,-1,34,41,32,-1,42,43,44,-1,44,43,45,-1,44,45,46,-1,46,45,47,-1,46,47,48,-1,48,47,40,-1,48,40,49,-1,49,40,39,-1,50,51,52,-1,52,51,42,-1,52,42,53,-1,53,42,44,-1,54,55,56,-1,56,57,54,-1,54,57,58,-1,54,58,59,-1,55,60,56,-1,56,60,61,-1,56,61,62,-1,59,63,54,-1,54,63,64,-1,54,64,65,-1,52,66,50,-1,50,66,54,-1,50,54,67,-1,67,54,65,-1,68,69,70,-1,70,69,71,-1,70,71,72,-1,72,73,70,-1,70,73,74,-1,70,74,75,-1,75,76,70,-1,70,76,77,-1,70,77,78,-1,62,79,56,-1,56,79,80,-1,56,80,78,-1,80,81,78,-1,78,81,82,-1,78,82,83,-1,83,84,78,-1,78,84,85,-1,78,85,86,-1,86,87,78,-1,78,87,88,-1,78,88,89,-1,89,90,78,-1,78,90,91,-1,78,91,70,-1,3,1,92,-1,92,1,17,-1,92,17,93,-1,93,17,16,-1,93,16,94,-1,94,16,95,-1,6,96,4,-1,4,96,97,-1,4,97,98,-1,99,100,101,-1,102,103,104,-1,103,105,104,-1,104,105,106,-1,104,106,107,-1,107,108,104,-1,104,108,109,-1,104,109,110,-1,110,109,111,-1,110,111,112,-1,113,101,104,-1,104,101,114,-1,104,114,102,-1,99,101,115,-1,113,116,101,-1,101,116,117,-1,101,117,118,-1,118,119,101,-1,101,119,120,-1,101,120,115,-1,121,122,123,-1,124,125,126,-1,121,123,126,-1,126,123,127,-1,126,127,124,-1,112,128,110,-1,110,128,126,-1,110,126,129,-1,129,126,125,-1,130,131,132,-1,132,131,133,-1,132,133,134,-1,122,135,123,-1,123,135,136,-1,123,136,137,-1,137,136,138,-1,137,138,139,-1,139,138,132,-1,139,132,140,-1,140,132,134,-1,132,141,130,-1,130,141,142,-1,130,142,143,-1,143,144,130,-1,130,144,145,-1,130,145,146,-1,146,147,130,-1,130,147,148,-1,130,148,149,-1,150,151,149,-1,149,151,152,-1,149,152,130,-1,153,154,155,-1,156,157,158,-1,158,157,159,-1,156,160,157,-1,157,160,161,-1,157,161,162,-1,162,161,163,-1,162,163,149,-1,149,163,164,-1,149,164,150,-1,153,155,165,-1,159,157,155,-1,155,157,166,-1,155,166,165,-1,167,168,169,-1,169,168,170,-1,154,171,155,-1,155,171,169,-1,155,169,172,-1,172,169,170,-1,173,174,175,-1,176,175,177,-1,178,179,180,-1,177,181,176,-1,176,181,182,-1,176,182,183,-1,184,185,186,-1,178,180,100,-1,100,180,187,-1,100,187,188,-1,184,186,70,-1,189,190,191,-1,191,190,192,-1,189,193,190,-1,190,193,194,-1,190,194,182,-1,182,194,195,-1,182,195,183,-1,196,197,190,-1,190,197,198,-1,190,198,192,-1,101,199,200,-1,200,199,201,-1,200,201,202,-1,186,203,70,-1,70,203,204,-1,70,204,68,-1,68,204,205,-1,68,205,206,-1,207,208,209,-1,209,208,210,-1,209,210,211,-1,212,213,68,-1,68,213,214,-1,68,214,215,-1,215,214,216,-1,215,216,217,-1,188,218,100,-1,100,218,219,-1,100,219,220,-1,221,222,223,-1,223,222,224,-1,223,224,225,-1,226,225,227,-1,227,225,224,-1,227,224,228,-1,228,224,229,-1,228,229,230,-1,230,229,231,-1,226,232,225,-1,225,232,233,-1,225,233,234,-1,234,233,208,-1,234,208,235,-1,235,208,207,-1,236,237,238,-1,238,237,239,-1,173,175,240,-1,240,175,176,-1,240,176,241,-1,241,176,242,-1,241,242,243,-1,243,242,244,-1,243,244,236,-1,236,244,245,-1,236,245,237,-1,221,246,222,-1,222,246,247,-1,222,247,248,-1,247,249,248,-1,248,249,250,-1,248,250,251,-1,251,250,252,-1,251,252,220,-1,220,252,253,-1,220,253,100,-1,100,253,254,-1,100,254,255,-1,210,212,211,-1,211,212,68,-1,211,68,256,-1,256,68,206,-1,256,206,257,-1,257,206,238,-1,257,238,258,-1,258,238,239,-1,255,259,100,-1,100,259,260,-1,100,260,197,-1,196,261,197,-1,197,261,262,-1,197,262,100,-1,100,262,263,-1,100,263,101,-1,101,263,264,-1,101,264,199,-1,178,265,179,-1,179,265,266,-1,184,267,185,-1,185,267,268,-1,265,178,269,-1,269,178,100,-1,269,100,270,-1,271,101,272,-1,272,101,200,-1,272,200,273,-1,274,68,275,-1,275,68,215,-1,275,215,276,-1,267,184,277,-1,277,184,70,-1,277,70,278,-1,279,10,12,-1,12,280,281,-1,282,279,283,-1,283,279,12,-1,283,12,284,-1,284,12,281,-1,285,286,281,-1,281,286,284,-1,287,285,280,-1,280,285,281,-1,11,287,12,-1,12,287,280,-1,286,288,284,-1,284,288,283,-1,289,290,14,-1,14,290,291,-1,14,291,15,-1,15,291,292,-1,15,292,293,-1,293,292,294,-1,289,14,295,-1,295,14,13,-1,290,289,296,-1,296,289,295,-1,291,290,297,-1,297,290,296,-1,292,291,298,-1,298,291,297,-1,13,4,98,-1,296,295,297,-1,297,295,13,-1,297,13,298,-1,298,13,98,-1,298,98,0,-1,7,5,293,-1,293,5,15,-1,2,294,0,-1,0,294,292,-1,0,292,298,-1,299,300,301,-1,302,303,304,-1,304,303,299,-1,304,299,305,-1,305,299,301,-1,305,301,306,-1,307,308,304,-1,304,308,302,-1,309,307,305,-1,305,307,304,-1,299,310,300,-1,300,310,311,-1,300,311,312,-1,313,310,303,-1,303,310,299,-1,308,313,302,-1,302,313,303,-1,314,315,316,-1,316,317,318,-1,319,314,320,-1,320,314,316,-1,320,316,321,-1,321,316,318,-1,322,323,316,-1,316,323,317,-1,324,325,315,-1,315,325,322,-1,315,322,316,-1,326,327,321,-1,321,327,320,-1,328,326,318,-1,318,326,321,-1,323,328,317,-1,317,328,318,-1,
        ]
    }
}
Shape{
    appearance Appearance {
        material  Material {
            diffuseColor 0.2235294117647059 0.2235294117647059 0.2235294117647059
            specularColor 0.11372549019607843 0.11372549019607843 0.11372549019607843
            ambientIntensity 0.2235
            transparency 0.0
            shininess 0.5
        }
    }
    geometry IndexedFaceSet {
        ccw TRUE
        solid FALSE
        coord DEF co Coordinate {
            point [
                -0.6299 -0.5118 0.5512, -0.7669 -0.5118 0.5512, -0.7669 -0.5184 0.5512, -0.6105 -0.513 0.5512, -0.6108 -0.513 0.5512, -0.6082 -0.5133 0.5512, -0.6027 -0.5145 0.5512, -0.5866 -0.5184 0.5512, -0.5879 -0.518 0.5512, -0.5947 -0.5161 0.5512, -0.5923 -0.5166 0.5512, 0.7669 0.5184 0.5512, 0.5866 0.5184 0.5512, 0.5899 0.5174 0.5512, 0.7669 0.5118 0.5512, 0.6299 0.5118 0.5512, 0.6108 0.5131 0.5512, 0.6126 0.5128 0.5512, 0.5963 0.5156 0.5512, 0.6033 0.5144 0.5512, 0.6109 -0.5133 0.5512, 0.6034 -0.5141 0.5512, 0.7669 -0.5184 0.5512, 0.6032 -0.5142 0.5512, 0.5961 -0.516 0.5512, 0.59 -0.5175 0.5512, 0.5866 -0.5184 0.5512, 0.7669 -0.5118 0.5512, 0.6299 -0.5118 0.5512, 0.6245 -0.5119 0.5512, 0.6221 -0.512 0.5512, 0.8 -0.5515 0.2362, 0.8 -0.4594 0.2362, 0.7669 0.3486 0.5512, 0.8 0.4594 0.2362, 0.8 0.5515 0.2362, 0.7669 0.2813 0.5512, 0.7669 -0.2813 0.5512, 0.7669 -0.3486 0.5512, -0.8 -0.5515 0.2362, -0.5512 -0.5515 0.2362, -0.5512 -0.5512 0.2394, 0.5512 -0.5515 0.2362, 0.5512 -0.5512 0.2394, 0.5861 -0.5185 0.5506, 0.5589 -0.5185 0.5506, 0.5368 -0.5331 0.4111, -0.5368 -0.5331 0.4111, -0.5589 -0.5185 0.5506, -0.5861 -0.5185 0.5506, 0.4498 -0.5512 0.2394, -0.4439 -0.5512 0.2394, -0.7669 -0.3486 0.5512, -0.8 -0.4594 0.2362, -0.7669 -0.2813 0.5512, -0.8 0.4594 0.2362, -0.7669 0.2813 0.5512, -0.7669 0.5184 0.5512, -0.8 0.5515 0.2362, -0.7669 0.5118 0.5512, -0.7669 0.3486 0.5512, 0.5512 0.5515 0.2362, 0.5512 0.5512 0.2394, -0.5512 0.5515 0.2362, -0.5512 0.5512 0.2394, -0.5866 0.5184 0.5512, -0.5861 0.5185 0.5506, -0.5589 0.5185 0.5506, -0.5368 0.5331 0.4111, 0.5368 0.5331 0.4111, 0.5589 0.5185 0.5506, 0.5861 0.5185 0.5506, -0.4439 0.5512 0.2394, 0.4498 0.5512 0.2394, -0.6025 0.5143 0.5512, -0.6032 0.5142 0.5512, -0.6108 0.5133 0.5512, -0.5947 0.5163 0.5512, -0.5878 0.5181 0.5512, -0.6299 0.5118 0.5512, -0.6244 0.5119 0.5512, -0.6221 0.512 0.5512, 0.648 -0.4594 0.2362, 0.8 -0.4594 0.0, 0.648 -0.4594 0.0394, -0.648 -0.4594 0.2362, -0.648 -0.4594 0.0394, -0.8 -0.4594 0.0, -0.1241 -0.4594 0.0, -0.0373 -0.4594 0.0, 0.068 -0.4594 0.0, 0.1367 -0.4594 0.0, 0.1671 -0.4594 0.0, 0.2681 -0.4594 0.0, 0.648 0.4594 0.2362, 0.648 0.4594 0.0394, 0.8 0.4594 0.0, 0.2681 0.4594 0.0, 0.1671 0.4594 0.0, 0.1367 0.4594 0.0, -0.648 0.4594 0.0394, 0.068 0.4594 0.0, -0.0373 0.4594 0.0, -0.648 0.4594 0.2362, -0.8 0.4594 0.0, -0.1241 0.4594 0.0, 0.5368 -0.5331 0.2362, 0.5368 -0.5331 0.0394, 0.5368 0.5331 0.2362, 0.5368 0.5331 0.0394, -0.5368 -0.5331 0.2362, -0.5368 -0.5331 0.0394, -0.5368 0.5331 0.2362, -0.5368 0.5331 0.0394
            ]
        }
        coordIndex [
            0,1,2,-1,3,4,5,-1,5,4,6,-1,2,7,8,-1,4,0,6,-1,6,0,2,-1,6,2,9,-1,9,2,8,-1,9,8,10,-1,11,12,13,-1,14,11,15,-1,15,11,16,-1,15,16,17,-1,13,18,11,-1,11,18,19,-1,11,19,16,-1,20,21,22,-1,22,21,23,-1,23,24,22,-1,22,24,25,-1,22,25,26,-1,22,27,28,-1,22,28,20,-1,20,28,29,-1,20,29,30,-1,22,31,27,-1,27,31,32,-1,33,34,14,-1,14,34,35,-1,14,35,11,-1,33,36,34,-1,34,36,37,-1,34,37,32,-1,32,37,38,-1,32,38,27,-1,39,40,2,-1,2,40,41,-1,42,31,43,-1,43,31,22,-1,43,22,26,-1,44,45,46,-1,47,48,49,-1,26,44,43,-1,43,44,46,-1,43,46,50,-1,50,46,47,-1,7,2,49,-1,49,2,41,-1,49,41,47,-1,47,41,51,-1,47,51,50,-1,2,1,39,-1,39,1,52,-1,39,52,53,-1,53,52,54,-1,53,54,55,-1,55,54,56,-1,57,58,59,-1,59,58,55,-1,59,55,60,-1,60,55,56,-1,35,61,11,-1,11,61,62,-1,63,58,64,-1,64,58,57,-1,64,57,65,-1,66,67,68,-1,69,70,71,-1,65,66,64,-1,64,66,68,-1,64,68,72,-1,72,68,69,-1,12,11,71,-1,71,11,62,-1,71,62,69,-1,69,62,73,-1,69,73,72,-1,74,57,75,-1,75,57,76,-1,74,77,57,-1,57,77,78,-1,57,78,65,-1,57,59,79,-1,57,79,76,-1,76,79,80,-1,76,80,81,-1,32,82,83,-1,83,82,84,-1,85,53,86,-1,86,53,87,-1,87,88,86,-1,86,88,89,-1,86,89,84,-1,84,89,90,-1,84,90,91,-1,91,92,84,-1,84,92,93,-1,84,93,83,-1,94,34,95,-1,95,34,96,-1,95,96,97,-1,97,98,95,-1,95,98,99,-1,95,99,100,-1,100,99,101,-1,100,101,102,-1,55,103,104,-1,104,103,100,-1,104,100,105,-1,105,100,102,-1,106,107,82,-1,82,107,84,-1,94,95,108,-1,108,95,109,-1,85,86,110,-1,110,86,111,-1,112,113,103,-1,103,113,100,-1,108,109,112,-1,112,109,113,-1,110,111,106,-1,106,111,107,-1,
        ]
    }
}
Shape{
    appearance Appearance {
        material  Material {
            diffuseColor 0.7529411764705882 0.7529411764705882 0.7529411764705882
            specularColor 0.3764705882352941 0.3764705882352941 0.3764705882352941
            ambientIntensity 0.7529
            transparency 0.0
            shininess 0.5
        }
    }
    geometry IndexedFaceSet {
        ccw TRUE
        solid FALSE
        coord DEF co Coordinate {
            point [
                0.4498 -0.5512 0.2394, -0.4439 -0.5512 0.2394, 0.4498 -0.5512 0.2362, -0.4439 -0.5512 0.2362, -0.4439 -0.5528 0.1969, -0.4439 -0.5512 0.1969, -0.4439 -0.5873 0.1969, -0.4439 -0.5873 0.0, -0.4439 -0.5528 0.0, -0.4439 -0.5906 0.1969, -0.4439 -0.5906 0.3521, -0.4439 -0.5512 0.3521, 0.4498 -0.5512 0.3521, 0.4498 -0.5906 0.3521, 0.4498 -0.5528 0.0, 0.4498 -0.5873 0.0, 0.4498 -0.5528 0.1969, 0.4498 -0.5873 0.1969, 0.4498 -0.5512 0.1969, 0.4498 -0.5906 0.1969, -0.4439 0.5512 0.2394, 0.4498 0.5512 0.2394, -0.4439 0.5512 0.2362, 0.4498 0.5512 0.2362, -0.4439 0.5528 0.0, -0.4439 0.5873 0.0, -0.4439 0.5528 0.1969, -0.4439 0.5873 0.1969, -0.4439 0.5512 0.1969, -0.4439 0.5906 0.1969, -0.4439 0.5512 0.3521, -0.4439 0.5906 0.3521, 0.4498 0.5528 0.1969, 0.4498 0.5512 0.1969, 0.4498 0.5873 0.1969, 0.4498 0.5873 0.0, 0.4498 0.5528 0.0, 0.4498 0.5906 0.1969, 0.4498 0.5906 0.3521, 0.4498 0.5512 0.3521
            ]
        }
        coordIndex [
            0,1,2,-1,2,1,3,-1,4,5,3,-1,6,7,8,-1,8,4,6,-1,6,4,3,-1,6,3,9,-1,9,3,1,-1,9,1,10,-1,10,1,11,-1,11,12,10,-1,10,12,13,-1,14,15,16,-1,16,15,17,-1,18,16,2,-1,2,16,17,-1,2,17,0,-1,0,17,19,-1,0,19,12,-1,12,19,13,-1,20,21,22,-1,22,21,23,-1,24,25,26,-1,26,25,27,-1,28,26,22,-1,22,26,27,-1,22,27,20,-1,20,27,29,-1,20,29,30,-1,30,29,31,-1,32,33,23,-1,34,35,36,-1,36,32,34,-1,34,32,23,-1,34,23,37,-1,37,23,21,-1,37,21,38,-1,38,21,39,-1,39,30,38,-1,38,30,31,-1,
        ]
    }
}
Shape{
    appearance Appearance {
        material  Material {
            diffuseColor 0.25098039215686274 0.25098039215686274 0.25098039215686274
            specularColor 0.12549019607843137 0.12549019607843137 0.12549019607843137
            ambientIntensity 0.251
            transparency 0.0
            shininess 0.5
        }
    }
    geometry IndexedFaceSet {
        ccw TRUE
        solid FALSE
        coord DEF co Coordinate {
            point [
                -0.8 0.4594 0.2362, -0.8 0.4594 0.0, -0.8 0.2598 0.0, -0.8 -0.2598 0.0394, -0.8 -0.2598 0.0, -0.8 -0.4594 0.2362, -0.8 -0.3284 0.0, -0.8 -0.4594 0.0, -0.8 0.2598 0.0394, -0.8 0.2559 0.0394, -0.8 -0.2559 0.0394, 0.8 -0.3284 0.0, 0.8 -0.2598 0.0, 0.8 -0.2598 0.0394, 0.8 0.2598 0.0, 0.8 0.4594 0.0, 0.8 0.2598 0.0394, 0.8 0.4594 0.2362, 0.8 -0.4594 0.2362, 0.8 -0.4594 0.0, 0.8 -0.2559 0.0394, 0.8 0.2559 0.0394
            ]
        }
        coordIndex [
            0,1,2,-1,3,4,5,-1,5,4,6,-1,5,6,7,-1,2,8,0,-1,0,8,9,-1,0,9,5,-1,5,9,10,-1,5,10,3,-1,11,12,13,-1,14,15,16,-1,16,15,17,-1,18,19,11,-1,11,13,18,-1,18,13,20,-1,18,20,17,-1,17,20,21,-1,17,21,16,-1,
        ]
    }
}
Shape{
    appearance Appearance {
        material  Material {
            diffuseColor 0.7529411764705882 0.7529411764705882 0.7529411764705882
            specularColor 0.3764705882352941 0.3764705882352941 0.3764705882352941
            ambientIntensity 0.7529
            transparency 0.0
            shininess 0.5
        }
    }
    geometry IndexedFaceSet {
        ccw TRUE
        solid FALSE
        coord DEF co Coordinate {
            point [
                0.9843 -0.2559 0.0394, 0.9843 0.2559 0.0394, 0.8 -0.2559 0.0394, 0.8 0.2559 0.0394, 0.6032 -0.2559 0.0394, 0.6032 -0.2559 0.0, 0.9843 -0.2559 0.0, 0.9843 0.2559 0.0, 0.6032 0.2559 0.0, 0.6032 0.2559 0.0394, -0.8 0.2559 0.0394, -0.9843 0.2559 0.0394, -0.8 -0.2559 0.0394, -0.9843 -0.2559 0.0394, -0.9843 -0.2559 0.0, -0.6032 -0.2559 0.0, -0.6032 -0.2559 0.0394, -0.6032 0.2559 0.0394, -0.6032 0.2559 0.0, -0.9843 0.2559 0.0
            ]
        }
        coordIndex [
            0,1,2,-1,2,1,3,-1,4,5,2,-1,2,5,6,-1,2,6,0,-1,1,7,3,-1,3,7,8,-1,3,8,9,-1,1,0,7,-1,7,0,6,-1,10,11,12,-1,12,11,13,-1,13,14,12,-1,12,14,15,-1,12,15,16,-1,17,18,10,-1,10,18,19,-1,10,19,11,-1,13,11,14,-1,14,11,19,-1,
        ]
    }
}
Shape{
    appearance Appearance {
        material  Material {
            diffuseColor 0.2235294117647059 0.2235294117647059 0.2235294117647059
            specularColor 0.11372549019607843 0.11372549019607843 0.11372549019607843
            ambientIntensity 0.2235
            transparency 0.0
            shininess 0.5
        }
    }
    geometry IndexedFaceSet {
        ccw TRUE
        solid FALSE
        coord DEF co Coordinate {
            point [
                -0.3536 -0.0227 0.748, -0.3543 0.0 0.5906, -0.3486 -0.0633 0.5906, -0.3312 -0.1243 0.748, -0.3363 -0.1117 0.748, -0.3317 -0.1245 0.5906, -0.3478 -0.0677 0.748, -0.3484 -0.0632 0.748, -0.3192 -0.1537 0.748, -0.3042 -0.1817 0.5906, -0.3036 -0.1814 0.748, -0.297 -0.1933 0.748, -0.2668 -0.2331 0.5906, -0.2698 -0.2297 0.748, -0.2209 -0.277 0.5906, -0.2382 -0.2623 0.748, -0.2666 -0.2329 0.748, -0.1679 -0.312 0.5906, -0.2027 -0.2906 0.748, -0.2205 -0.2765 0.748, -0.1093 -0.3364 0.748, -0.1224 -0.3325 0.748, -0.1095 -0.337 0.5906, -0.1639 -0.3141 0.748, -0.1678 -0.3118 0.748, -0.0788 -0.3454 0.748, -0.0476 -0.3511 0.5906, -0.0475 -0.3505 0.748, -0.034 -0.3527 0.748, 0.0159 -0.354 0.5906, 0.0114 -0.3541 0.748, 0.0788 -0.3454 0.5906, 0.0566 -0.3498 0.748, 0.0159 -0.3537 0.748, 0.1393 -0.3258 0.5906, 0.1008 -0.3397 0.748, 0.0787 -0.3447 0.748, 0.1948 -0.2952 0.748, 0.1837 -0.303 0.748, 0.1952 -0.2957 0.5906, 0.1434 -0.324 0.748, 0.1392 -0.3256 0.748, 0.2209 -0.277 0.748, 0.2449 -0.2561 0.5906, 0.2445 -0.2557 0.748, 0.2545 -0.2465 0.748, 0.2867 -0.2083 0.5906, 0.284 -0.2119 0.748, 0.3192 -0.1537 0.5906, 0.3087 -0.1739 0.748, 0.2864 -0.2081 0.748, 0.3416 -0.0943 0.5906, 0.3284 -0.133 0.748, 0.3186 -0.1534 0.748, 0.3523 -0.0317 0.748, 0.3514 -0.0453 0.748, 0.3529 -0.0318 0.5906, 0.3427 -0.0899 0.748, 0.3413 -0.0942 0.748, 0.3543 0.0 0.748, 0.3543 0.0 0.5906, 0.3523 0.0317 0.748, 0.3529 0.0318 0.5906, 0.3514 0.0453 0.748, 0.3416 0.0943 0.5906, 0.3427 0.0899 0.748, 0.3192 0.1537 0.5906, 0.3284 0.133 0.748, 0.3413 0.0942 0.748, 0.2867 0.2083 0.5906, 0.3087 0.1739 0.748, 0.3186 0.1534 0.748, 0.2445 0.2557 0.748, 0.2545 0.2465 0.748, 0.2449 0.2561 0.5906, 0.284 0.2119 0.748, 0.2864 0.2081 0.748, 0.2209 0.277 0.748, 0.1952 0.2957 0.5906, 0.1948 0.2952 0.748, 0.1837 0.303 0.748, 0.1393 0.3258 0.5906, 0.1434 0.324 0.748, 0.0788 0.3454 0.5906, 0.1008 0.3397 0.748, 0.1392 0.3256 0.748, 0.0159 0.354 0.5906, 0.0566 0.3498 0.748, 0.0787 0.3447 0.748, -0.0475 0.3505 0.748, -0.034 0.3527 0.748, -0.0476 0.3511 0.5906, 0.0114 0.3541 0.748, 0.0159 0.3537 0.748, -0.0788 0.3454 0.748, -0.1095 0.337 0.5906, -0.1093 0.3364 0.748, -0.1224 0.3325 0.748, -0.1679 0.312 0.5906, -0.1639 0.3141 0.748, -0.2209 0.277 0.5906, -0.2027 0.2906 0.748, -0.1678 0.3118 0.748, -0.2668 0.2331 0.5906, -0.2382 0.2623 0.748, -0.2205 0.2765 0.748, -0.3036 0.1814 0.748, -0.297 0.1933 0.748, -0.3042 0.1817 0.5906, -0.2698 0.2297 0.748, -0.2666 0.2329 0.748, -0.3192 0.1537 0.748, -0.3317 0.1245 0.5906, -0.3312 0.1243 0.748, -0.3363 0.1117 0.748, -0.3486 0.0633 0.5906, -0.3478 0.0677 0.748, -0.3536 -0.0 0.748, -0.3536 0.0227 0.748, -0.3484 0.0632 0.748, 0.315 -0.0 0.7874, 0.3124 0.0403 0.7874, 0.0 0.0 0.7874, 0.2919 -0.1182 0.7874, 0.3047 -0.0799 0.7874, 0.3124 -0.0403 0.7874, 0.2263 -0.2191 0.7874, 0.2524 -0.1884 0.7874, 0.2744 -0.1546 0.7874, 0.1275 -0.288 0.7874, 0.1633 -0.2693 0.7874, 0.1964 -0.2462 0.7874, 0.0101 -0.3148 0.7874, 0.0503 -0.3109 0.7874, 0.0896 -0.3019 0.7874, -0.1088 -0.2956 0.7874, -0.0701 -0.3071 0.7874, -0.0302 -0.3135 0.7874, -0.2117 -0.2332 0.7874, -0.1802 -0.2583 0.7874, -0.1457 -0.2792 0.7874, -0.2838 -0.1367 0.7874, -0.264 -0.1718 0.7874, -0.2398 -0.2042 0.7874, -0.3143 -0.0202 0.7874, -0.3092 -0.0602 0.7874, -0.2989 -0.0992 0.7874, -0.2989 0.0992 0.7874, -0.3092 0.0602 0.7874, -0.3143 0.0202 0.7874, -0.2398 0.2042 0.7874, -0.264 0.1718 0.7874, -0.2838 0.1367 0.7874, -0.1457 0.2792 0.7874, -0.1802 0.2583 0.7874, -0.2117 0.2332 0.7874, -0.0302 0.3135 0.7874, -0.0701 0.3071 0.7874, -0.1088 0.2956 0.7874, 0.0896 0.3019 0.7874, 0.0503 0.3109 0.7874, 0.0101 0.3148 0.7874, 0.1964 0.2462 0.7874, 0.1633 0.2693 0.7874, 0.1275 0.288 0.7874, 0.2744 0.1546 0.7874, 0.2524 0.1884 0.7874, 0.2263 0.2191 0.7874, 0.3047 0.0799 0.7874, 0.2919 0.1182 0.7874, 0.3501 0.0451 0.7582, 0.3272 0.1325 0.7582, 0.3076 0.1732 0.7582, 0.2829 0.2111 0.7582, 0.2201 0.276 0.7582, 0.1004 0.3384 0.7582, 0.0113 0.3528 0.7582, -0.0785 0.3441 0.7582, -0.202 0.2895 0.7582, -0.2688 0.2288 0.7582, -0.318 0.1532 0.7582, -0.3523 0.0226 0.7582, -0.3465 -0.0675 0.7582, -0.318 -0.1532 0.7582, -0.2373 -0.2613 0.7582, -0.1633 -0.313 0.7582, -0.0785 -0.3441 0.7582, 0.0563 -0.3485 0.7582, 0.1429 -0.3228 0.7582, 0.2201 -0.276 0.7582, 0.3076 -0.1732 0.7582, 0.3014 -0.122 0.7861, 0.3145 -0.0825 0.7861, 0.3237 -0.0849 0.7821, 0.3225 -0.0416 0.7861, 0.3319 -0.0428 0.7821, 0.34 -0.0438 0.7759, 0.3252 0.0 0.7861, 0.3346 0.0 0.7821, 0.3428 0.0 0.7759, 0.3491 0.0 0.7677, 0.3225 0.0416 0.7861, 0.3319 0.0428 0.7821, 0.34 0.0438 0.7759, 0.3462 0.0446 0.7677, 0.3462 -0.0446 0.7677, 0.3501 -0.0451 0.7582, 0.353 0.0 0.7582, 0.3414 -0.0895 0.7582, 0.3376 -0.0885 0.7677, 0.3316 -0.087 0.7759, 0.3272 -0.1325 0.7582, 0.3041 -0.1713 0.7677, 0.3235 -0.131 0.7677, 0.2987 -0.1682 0.7759, 0.3177 -0.1286 0.7759, 0.2916 -0.1642 0.7821, 0.3102 -0.1256 0.7821, 0.2833 -0.1596 0.7861, 0.2336 -0.2262 0.7861, 0.2027 -0.2542 0.7861, 0.2404 -0.2328 0.7821, 0.2086 -0.2616 0.7821, 0.2462 -0.2385 0.7759, 0.2137 -0.268 0.7759, 0.2507 -0.2428 0.7677, 0.2176 -0.2729 0.7677, 0.2536 -0.2456 0.7582, 0.0925 -0.3117 0.7861, 0.0519 -0.321 0.7861, 0.0952 -0.3208 0.7821, 0.0534 -0.3304 0.7821, 0.0975 -0.3286 0.7759, 0.0547 -0.3384 0.7759, 0.0993 -0.3346 0.7677, 0.0557 -0.3446 0.7677, 0.1004 -0.3384 0.7582, -0.0312 -0.3236 0.7861, -0.0724 -0.317 0.7861, -0.0321 -0.3331 0.7821, -0.0745 -0.3263 0.7821, -0.0329 -0.3412 0.7759, -0.0763 -0.3342 0.7759, -0.0335 -0.3474 0.7677, -0.0777 -0.3403 0.7677, -0.0339 -0.3514 0.7582, -0.186 -0.2667 0.7861, -0.2186 -0.2407 0.7861, -0.1915 -0.2745 0.7821, -0.225 -0.2477 0.7821, -0.1961 -0.2812 0.7759, -0.2305 -0.2538 0.7759, -0.1997 -0.2863 0.7677, -0.2347 -0.2584 0.7677, -0.202 -0.2895 0.7582, -0.2725 -0.1774 0.7861, -0.293 -0.1411 0.7861, -0.2805 -0.1826 0.7821, -0.3015 -0.1452 0.7821, -0.2873 -0.187 0.7759, -0.3089 -0.1487 0.7759, -0.2925 -0.1904 0.7677, -0.3145 -0.1514 0.7677, -0.2958 -0.1926 0.7582, -0.3245 -0.0208 0.7861, -0.3245 0.0208 0.7861, -0.334 -0.0214 0.7821, -0.334 0.0214 0.7821, -0.3421 -0.022 0.7759, -0.3421 0.022 0.7759, -0.3483 -0.0224 0.7677, -0.3483 0.0224 0.7677, -0.3523 -0.0226 0.7582, -0.3086 0.1025 0.7861, -0.293 0.1411 0.7861, -0.3176 0.1054 0.7821, -0.3015 0.1452 0.7821, -0.3253 0.108 0.7759, -0.3089 0.1487 0.7759, -0.3313 0.11 0.7677, -0.3145 0.1514 0.7677, -0.335 0.1112 0.7582, -0.2186 0.2407 0.7861, -0.186 0.2667 0.7861, -0.225 0.2477 0.7821, -0.1915 0.2745 0.7821, -0.2305 0.2538 0.7759, -0.1961 0.2812 0.7759, -0.2347 0.2584 0.7677, -0.1997 0.2863 0.7677, -0.2373 0.2613 0.7582, -0.1123 0.3051 0.7861, -0.0724 0.317 0.7861, -0.1156 0.3141 0.7821, -0.0745 0.3263 0.7821, -0.1184 0.3217 0.7759, -0.0763 0.3342 0.7759, -0.1206 0.3276 0.7677, -0.0777 0.3403 0.7677, -0.1219 0.3313 0.7582, 0.0519 0.321 0.7861, 0.0925 0.3117 0.7861, 0.0534 0.3304 0.7821, 0.0952 0.3208 0.7821, 0.0547 0.3384 0.7759, 0.0975 0.3286 0.7759, 0.0557 0.3446 0.7677, 0.0993 0.3346 0.7677, 0.0563 0.3485 0.7582, 0.1686 0.278 0.7861, 0.2027 0.2542 0.7861, 0.1735 0.2862 0.7821, 0.2086 0.2616 0.7821, 0.1777 0.2931 0.7759, 0.2137 0.268 0.7759, 0.1809 0.2985 0.7677, 0.2176 0.2729 0.7677, 0.183 0.3019 0.7582, 0.2829 -0.2111 0.7582, 0.2797 -0.2088 0.7677, 0.2747 -0.205 0.7759, 0.2682 -0.2002 0.7821, 0.2606 -0.1945 0.7861, 0.183 -0.3019 0.7582, 0.1809 -0.2985 0.7677, 0.1777 -0.2931 0.7759, 0.1735 -0.2862 0.7821, 0.1686 -0.278 0.7861, 0.1316 -0.2973 0.7861, 0.1355 -0.306 0.7821, 0.1388 -0.3135 0.7759, 0.1413 -0.3192 0.7677, 0.0113 -0.3528 0.7582, 0.0112 -0.3489 0.7677, 0.011 -0.3426 0.7759, 0.0107 -0.3345 0.7821, 0.0104 -0.325 0.7861, -0.1219 -0.3313 0.7582, -0.1206 -0.3276 0.7677, -0.1184 -0.3217 0.7759, -0.1156 -0.3141 0.7821, -0.1123 -0.3051 0.7861, -0.1504 -0.2883 0.7861, -0.1548 -0.2967 0.7821, -0.1586 -0.3039 0.7759, -0.1615 -0.3095 0.7677, -0.2688 -0.2288 0.7582, -0.2658 -0.2263 0.7677, -0.261 -0.2222 0.7759, -0.2548 -0.2169 0.7821, -0.2476 -0.2108 0.7861, -0.335 -0.1112 0.7582, -0.3313 -0.11 0.7677, -0.3253 -0.108 0.7759, -0.3176 -0.1054 0.7821, -0.3086 -0.1025 0.7861, -0.3192 -0.0622 0.7861, -0.3285 -0.064 0.7821, -0.3365 -0.0655 0.7759, -0.3426 -0.0667 0.7677, -0.3465 0.0675 0.7582, -0.3426 0.0667 0.7677, -0.3365 0.0655 0.7759, -0.3285 0.064 0.7821, -0.3192 0.0622 0.7861, -0.2958 0.1926 0.7582, -0.2925 0.1904 0.7677, -0.2873 0.187 0.7759, -0.2805 0.1826 0.7821, -0.2725 0.1774 0.7861, -0.2476 0.2108 0.7861, -0.2548 0.2169 0.7821, -0.261 0.2222 0.7759, -0.2658 0.2263 0.7677, -0.1633 0.313 0.7582, -0.1615 0.3095 0.7677, -0.1586 0.3039 0.7759, -0.1548 0.2967 0.7821, -0.1504 0.2883 0.7861, -0.0339 0.3514 0.7582, -0.0335 0.3474 0.7677, -0.0329 0.3412 0.7759, -0.0321 0.3331 0.7821, -0.0312 0.3236 0.7861, 0.0104 0.325 0.7861, 0.0107 0.3345 0.7821, 0.011 0.3426 0.7759, 0.0112 0.3489 0.7677, 0.1429 0.3228 0.7582, 0.1413 0.3192 0.7677, 0.1388 0.3135 0.7759, 0.1355 0.306 0.7821, 0.1316 0.2973 0.7861, 0.2536 0.2456 0.7582, 0.2507 0.2428 0.7677, 0.2462 0.2385 0.7759, 0.2404 0.2328 0.7821, 0.2336 0.2262 0.7861, 0.2606 0.1945 0.7861, 0.2682 0.2002 0.7821, 0.2747 0.205 0.7759, 0.2797 0.2088 0.7677, 0.3041 0.1713 0.7677, 0.2987 0.1682 0.7759, 0.2916 0.1642 0.7821, 0.2833 0.1596 0.7861, 0.3235 0.131 0.7677, 0.3177 0.1286 0.7759, 0.3102 0.1256 0.7821, 0.3014 0.122 0.7861, 0.3414 0.0895 0.7582, 0.3376 0.0885 0.7677, 0.3316 0.087 0.7759, 0.3237 0.0849 0.7821, 0.3145 0.0825 0.7861
            ]
        }
        coordIndex [
            0,1,2,-1,3,4,5,-1,5,4,6,-1,5,6,2,-1,2,6,7,-1,2,7,0,-1,3,5,8,-1,8,5,9,-1,8,9,10,-1,10,9,11,-1,11,9,12,-1,11,12,13,-1,14,15,12,-1,12,15,16,-1,12,16,13,-1,17,18,14,-1,14,18,19,-1,14,19,15,-1,20,21,22,-1,22,21,23,-1,22,23,17,-1,17,23,24,-1,17,24,18,-1,20,22,25,-1,25,22,26,-1,25,26,27,-1,27,26,28,-1,28,26,29,-1,28,29,30,-1,31,32,29,-1,29,32,33,-1,29,33,30,-1,34,35,31,-1,31,35,36,-1,31,36,32,-1,37,38,39,-1,39,38,40,-1,39,40,34,-1,34,40,41,-1,34,41,35,-1,37,39,42,-1,42,39,43,-1,42,43,44,-1,44,43,45,-1,45,43,46,-1,45,46,47,-1,48,49,46,-1,46,49,50,-1,46,50,47,-1,51,52,48,-1,48,52,53,-1,48,53,49,-1,54,55,56,-1,56,55,57,-1,56,57,51,-1,51,57,58,-1,51,58,52,-1,54,56,59,-1,59,56,60,-1,59,60,61,-1,61,60,62,-1,61,62,63,-1,63,62,64,-1,63,64,65,-1,66,67,64,-1,64,67,68,-1,64,68,65,-1,69,70,66,-1,66,70,71,-1,66,71,67,-1,72,73,74,-1,74,73,75,-1,74,75,69,-1,69,75,76,-1,69,76,70,-1,72,74,77,-1,77,74,78,-1,77,78,79,-1,79,78,80,-1,80,78,81,-1,80,81,82,-1,83,84,81,-1,81,84,85,-1,81,85,82,-1,86,87,83,-1,83,87,88,-1,83,88,84,-1,89,90,91,-1,91,90,92,-1,91,92,86,-1,86,92,93,-1,86,93,87,-1,89,91,94,-1,94,91,95,-1,94,95,96,-1,96,95,97,-1,97,95,98,-1,97,98,99,-1,100,101,98,-1,98,101,102,-1,98,102,99,-1,103,104,100,-1,100,104,105,-1,100,105,101,-1,106,107,108,-1,108,107,109,-1,108,109,103,-1,103,109,110,-1,103,110,104,-1,106,108,111,-1,111,108,112,-1,111,112,113,-1,113,112,114,-1,114,112,115,-1,114,115,116,-1,0,117,1,-1,1,117,118,-1,1,118,115,-1,115,118,119,-1,115,119,116,-1,120,121,122,-1,123,124,122,-1,122,124,125,-1,122,125,120,-1,126,127,122,-1,122,127,128,-1,122,128,123,-1,129,130,122,-1,122,130,131,-1,122,131,126,-1,132,133,122,-1,122,133,134,-1,122,134,129,-1,135,136,122,-1,122,136,137,-1,122,137,132,-1,138,139,122,-1,122,139,140,-1,122,140,135,-1,141,142,122,-1,122,142,143,-1,122,143,138,-1,144,145,122,-1,122,145,146,-1,122,146,141,-1,147,148,122,-1,122,148,149,-1,122,149,144,-1,150,151,122,-1,122,151,152,-1,122,152,147,-1,153,154,122,-1,122,154,155,-1,122,155,150,-1,156,157,122,-1,122,157,158,-1,122,158,153,-1,159,160,122,-1,122,160,161,-1,122,161,156,-1,162,163,122,-1,122,163,164,-1,122,164,159,-1,165,166,122,-1,122,166,167,-1,122,167,162,-1,121,168,122,-1,122,168,169,-1,122,169,165,-1,61,63,170,-1,68,67,171,-1,71,70,172,-1,76,75,173,-1,72,77,174,-1,85,84,175,-1,93,92,176,-1,89,94,177,-1,102,101,178,-1,110,109,179,-1,106,111,180,-1,119,118,181,-1,7,6,182,-1,3,8,183,-1,16,15,184,-1,24,23,185,-1,20,25,186,-1,33,32,187,-1,41,40,188,-1,37,42,189,-1,50,49,190,-1,191,123,128,-1,124,123,192,-1,192,123,191,-1,192,191,193,-1,125,124,194,-1,194,124,192,-1,194,192,195,-1,195,192,193,-1,195,193,196,-1,120,125,197,-1,197,125,194,-1,197,194,198,-1,198,194,195,-1,198,195,199,-1,199,195,196,-1,199,196,200,-1,121,120,201,-1,201,120,197,-1,201,197,202,-1,202,197,198,-1,202,198,203,-1,203,198,199,-1,203,199,204,-1,204,199,200,-1,204,200,170,-1,205,206,207,-1,208,206,209,-1,209,206,205,-1,209,205,210,-1,190,211,212,-1,212,211,213,-1,212,213,214,-1,214,213,215,-1,214,215,216,-1,216,215,217,-1,216,217,218,-1,126,131,219,-1,219,131,220,-1,219,220,221,-1,221,220,222,-1,221,222,223,-1,223,222,224,-1,223,224,225,-1,225,224,226,-1,225,226,227,-1,227,226,189,-1,134,133,228,-1,228,133,229,-1,228,229,230,-1,230,229,231,-1,230,231,232,-1,232,231,233,-1,232,233,234,-1,234,233,235,-1,234,235,236,-1,236,235,187,-1,137,136,237,-1,237,136,238,-1,237,238,239,-1,239,238,240,-1,239,240,241,-1,241,240,242,-1,241,242,243,-1,243,242,244,-1,243,244,245,-1,245,244,186,-1,139,138,246,-1,246,138,247,-1,246,247,248,-1,248,247,249,-1,248,249,250,-1,250,249,251,-1,250,251,252,-1,252,251,253,-1,252,253,254,-1,254,253,184,-1,142,141,255,-1,255,141,256,-1,255,256,257,-1,257,256,258,-1,257,258,259,-1,259,258,260,-1,259,260,261,-1,261,260,262,-1,261,262,263,-1,263,262,183,-1,144,149,264,-1,264,149,265,-1,264,265,266,-1,266,265,267,-1,266,267,268,-1,268,267,269,-1,268,269,270,-1,270,269,271,-1,270,271,272,-1,272,271,181,-1,147,152,273,-1,273,152,274,-1,273,274,275,-1,275,274,276,-1,275,276,277,-1,277,276,278,-1,277,278,279,-1,279,278,280,-1,279,280,281,-1,281,280,180,-1,155,154,282,-1,282,154,283,-1,282,283,284,-1,284,283,285,-1,284,285,286,-1,286,285,287,-1,286,287,288,-1,288,287,289,-1,288,289,290,-1,290,289,178,-1,158,157,291,-1,291,157,292,-1,291,292,293,-1,293,292,294,-1,293,294,295,-1,295,294,296,-1,295,296,297,-1,297,296,298,-1,297,298,299,-1,299,298,177,-1,160,159,300,-1,300,159,301,-1,300,301,302,-1,302,301,303,-1,302,303,304,-1,304,303,305,-1,304,305,306,-1,306,305,307,-1,306,307,308,-1,308,307,175,-1,163,162,309,-1,309,162,310,-1,309,310,311,-1,311,310,312,-1,311,312,313,-1,313,312,314,-1,313,314,315,-1,315,314,316,-1,315,316,317,-1,317,316,174,-1,58,57,208,-1,208,57,55,-1,208,55,206,-1,206,55,54,-1,206,54,207,-1,207,54,59,-1,52,58,211,-1,211,58,208,-1,211,208,213,-1,213,208,209,-1,213,209,215,-1,215,209,210,-1,215,210,217,-1,190,49,211,-1,211,49,53,-1,211,53,52,-1,47,50,318,-1,318,50,190,-1,318,190,319,-1,319,190,212,-1,319,212,320,-1,320,212,214,-1,320,214,321,-1,321,214,216,-1,321,216,322,-1,322,216,218,-1,322,218,127,-1,127,218,128,-1,127,126,322,-1,322,126,219,-1,322,219,321,-1,321,219,221,-1,321,221,320,-1,320,221,223,-1,320,223,319,-1,319,223,225,-1,319,225,318,-1,318,225,227,-1,318,227,47,-1,47,227,45,-1,189,42,227,-1,227,42,44,-1,227,44,45,-1,38,37,323,-1,323,37,189,-1,323,189,324,-1,324,189,226,-1,324,226,325,-1,325,226,224,-1,325,224,326,-1,326,224,222,-1,326,222,327,-1,327,222,220,-1,327,220,130,-1,130,220,131,-1,130,129,327,-1,327,129,328,-1,327,328,326,-1,326,328,329,-1,326,329,325,-1,325,329,330,-1,325,330,324,-1,324,330,331,-1,324,331,323,-1,323,331,188,-1,323,188,38,-1,38,188,40,-1,35,41,236,-1,236,41,188,-1,236,188,234,-1,234,188,331,-1,234,331,232,-1,232,331,330,-1,232,330,230,-1,230,330,329,-1,230,329,228,-1,228,329,328,-1,228,328,134,-1,134,328,129,-1,187,32,236,-1,236,32,36,-1,236,36,35,-1,30,33,332,-1,332,33,187,-1,332,187,333,-1,333,187,235,-1,333,235,334,-1,334,235,233,-1,334,233,335,-1,335,233,231,-1,335,231,336,-1,336,231,229,-1,336,229,132,-1,132,229,133,-1,132,137,336,-1,336,137,237,-1,336,237,335,-1,335,237,239,-1,335,239,334,-1,334,239,241,-1,334,241,333,-1,333,241,243,-1,333,243,332,-1,332,243,245,-1,332,245,30,-1,30,245,28,-1,186,25,245,-1,245,25,27,-1,245,27,28,-1,21,20,337,-1,337,20,186,-1,337,186,338,-1,338,186,244,-1,338,244,339,-1,339,244,242,-1,339,242,340,-1,340,242,240,-1,340,240,341,-1,341,240,238,-1,341,238,135,-1,135,238,136,-1,135,140,341,-1,341,140,342,-1,341,342,340,-1,340,342,343,-1,340,343,339,-1,339,343,344,-1,339,344,338,-1,338,344,345,-1,338,345,337,-1,337,345,185,-1,337,185,21,-1,21,185,23,-1,18,24,254,-1,254,24,185,-1,254,185,252,-1,252,185,345,-1,252,345,250,-1,250,345,344,-1,250,344,248,-1,248,344,343,-1,248,343,246,-1,246,343,342,-1,246,342,139,-1,139,342,140,-1,184,15,254,-1,254,15,19,-1,254,19,18,-1,13,16,346,-1,346,16,184,-1,346,184,347,-1,347,184,253,-1,347,253,348,-1,348,253,251,-1,348,251,349,-1,349,251,249,-1,349,249,350,-1,350,249,247,-1,350,247,143,-1,143,247,138,-1,143,142,350,-1,350,142,255,-1,350,255,349,-1,349,255,257,-1,349,257,348,-1,348,257,259,-1,348,259,347,-1,347,259,261,-1,347,261,346,-1,346,261,263,-1,346,263,13,-1,13,263,11,-1,183,8,263,-1,263,8,10,-1,263,10,11,-1,4,3,351,-1,351,3,183,-1,351,183,352,-1,352,183,262,-1,352,262,353,-1,353,262,260,-1,353,260,354,-1,354,260,258,-1,354,258,355,-1,355,258,256,-1,355,256,146,-1,146,256,141,-1,146,145,355,-1,355,145,356,-1,355,356,354,-1,354,356,357,-1,354,357,353,-1,353,357,358,-1,353,358,352,-1,352,358,359,-1,352,359,351,-1,351,359,182,-1,351,182,4,-1,4,182,6,-1,0,7,272,-1,272,7,182,-1,272,182,270,-1,270,182,359,-1,270,359,268,-1,268,359,358,-1,268,358,266,-1,266,358,357,-1,266,357,264,-1,264,357,356,-1,264,356,144,-1,144,356,145,-1,181,118,272,-1,272,118,117,-1,272,117,0,-1,116,119,360,-1,360,119,181,-1,360,181,361,-1,361,181,271,-1,361,271,362,-1,362,271,269,-1,362,269,363,-1,363,269,267,-1,363,267,364,-1,364,267,265,-1,364,265,148,-1,148,265,149,-1,148,147,364,-1,364,147,273,-1,364,273,363,-1,363,273,275,-1,363,275,362,-1,362,275,277,-1,362,277,361,-1,361,277,279,-1,361,279,360,-1,360,279,281,-1,360,281,116,-1,116,281,114,-1,180,111,281,-1,281,111,113,-1,281,113,114,-1,107,106,365,-1,365,106,180,-1,365,180,366,-1,366,180,280,-1,366,280,367,-1,367,280,278,-1,367,278,368,-1,368,278,276,-1,368,276,369,-1,369,276,274,-1,369,274,151,-1,151,274,152,-1,151,150,369,-1,369,150,370,-1,369,370,368,-1,368,370,371,-1,368,371,367,-1,367,371,372,-1,367,372,366,-1,366,372,373,-1,366,373,365,-1,365,373,179,-1,365,179,107,-1,107,179,109,-1,104,110,290,-1,290,110,179,-1,290,179,288,-1,288,179,373,-1,288,373,286,-1,286,373,372,-1,286,372,284,-1,284,372,371,-1,284,371,282,-1,282,371,370,-1,282,370,155,-1,155,370,150,-1,178,101,290,-1,290,101,105,-1,290,105,104,-1,99,102,374,-1,374,102,178,-1,374,178,375,-1,375,178,289,-1,375,289,376,-1,376,289,287,-1,376,287,377,-1,377,287,285,-1,377,285,378,-1,378,285,283,-1,378,283,153,-1,153,283,154,-1,153,158,378,-1,378,158,291,-1,378,291,377,-1,377,291,293,-1,377,293,376,-1,376,293,295,-1,376,295,375,-1,375,295,297,-1,375,297,374,-1,374,297,299,-1,374,299,99,-1,99,299,97,-1,177,94,299,-1,299,94,96,-1,299,96,97,-1,90,89,379,-1,379,89,177,-1,379,177,380,-1,380,177,298,-1,380,298,381,-1,381,298,296,-1,381,296,382,-1,382,296,294,-1,382,294,383,-1,383,294,292,-1,383,292,156,-1,156,292,157,-1,156,161,383,-1,383,161,384,-1,383,384,382,-1,382,384,385,-1,382,385,381,-1,381,385,386,-1,381,386,380,-1,380,386,387,-1,380,387,379,-1,379,387,176,-1,379,176,90,-1,90,176,92,-1,87,93,308,-1,308,93,176,-1,308,176,306,-1,306,176,387,-1,306,387,304,-1,304,387,386,-1,304,386,302,-1,302,386,385,-1,302,385,300,-1,300,385,384,-1,300,384,160,-1,160,384,161,-1,175,84,308,-1,308,84,88,-1,308,88,87,-1,82,85,388,-1,388,85,175,-1,388,175,389,-1,389,175,307,-1,389,307,390,-1,390,307,305,-1,390,305,391,-1,391,305,303,-1,391,303,392,-1,392,303,301,-1,392,301,164,-1,164,301,159,-1,164,163,392,-1,392,163,309,-1,392,309,391,-1,391,309,311,-1,391,311,390,-1,390,311,313,-1,390,313,389,-1,389,313,315,-1,389,315,388,-1,388,315,317,-1,388,317,82,-1,82,317,80,-1,174,77,317,-1,317,77,79,-1,317,79,80,-1,73,72,393,-1,393,72,174,-1,393,174,394,-1,394,174,316,-1,394,316,395,-1,395,316,314,-1,395,314,396,-1,396,314,312,-1,396,312,397,-1,397,312,310,-1,397,310,167,-1,167,310,162,-1,167,166,397,-1,397,166,398,-1,397,398,396,-1,396,398,399,-1,396,399,395,-1,395,399,400,-1,395,400,394,-1,394,400,401,-1,394,401,393,-1,393,401,173,-1,393,173,73,-1,73,173,75,-1,70,76,172,-1,172,76,173,-1,172,173,402,-1,402,173,401,-1,402,401,403,-1,403,401,400,-1,403,400,404,-1,404,400,399,-1,404,399,405,-1,405,399,398,-1,405,398,165,-1,165,398,166,-1,67,71,171,-1,171,71,172,-1,171,172,406,-1,406,172,402,-1,406,402,407,-1,407,402,403,-1,407,403,408,-1,408,403,404,-1,408,404,409,-1,409,404,405,-1,409,405,169,-1,169,405,165,-1,65,68,410,-1,410,68,171,-1,410,171,411,-1,411,171,406,-1,411,406,412,-1,412,406,407,-1,412,407,413,-1,413,407,408,-1,413,408,414,-1,414,408,409,-1,414,409,168,-1,168,409,169,-1,168,121,414,-1,414,121,201,-1,414,201,413,-1,413,201,202,-1,413,202,412,-1,412,202,203,-1,412,203,411,-1,411,203,204,-1,411,204,410,-1,410,204,170,-1,410,170,65,-1,65,170,63,-1,128,218,191,-1,191,218,217,-1,191,217,193,-1,193,217,210,-1,193,210,196,-1,196,210,205,-1,196,205,200,-1,200,205,207,-1,200,207,170,-1,170,207,59,-1,170,59,61,-1,
        ]
    }
}
Shape{
    appearance Appearance {
        material  Material {
            diffuseColor 1.0 1.0 1.0
            specularColor 0.8784313725490196 0.8784313725490196 0.8784313725490196
            ambientIntensity 1.0
            transparency 0.0
            shininess 0.5
        }
    }
    geometry IndexedFaceSet {
        ccw TRUE
        solid FALSE
        coord DEF co Coordinate {
            point [
                -0.1229 -0.3212 0.0394, -0.1062 -0.2524 0.0394, -0.1229 -0.3212 0.0, -0.1062 -0.2524 0.0, -0.0677 -0.2617 0.0394, -0.0677 -0.2617 0.0, -0.0586 -0.3039 0.0394, -0.0586 -0.3039 0.0, -0.0543 -0.3254 0.0394, -0.0543 -0.3254 0.0, -0.0536 -0.3284 0.0, -0.0526 -0.3322 0.0394, -0.0526 -0.3322 0.0, -0.0487 -0.3266 0.0394, -0.0487 -0.3266 0.0, -0.0488 -0.3284 0.0, -0.0491 -0.3304 0.0394, -0.0491 -0.3304 0.0, -0.0495 -0.3334 0.0, -0.0495 -0.3334 0.0394, -0.0496 -0.3341 0.0, -0.0496 -0.3341 0.0394, -0.0499 -0.3346 0.0, -0.0499 -0.3346 0.0394, -0.0501 -0.3348 0.0, -0.0501 -0.3348 0.0394, -0.0503 -0.3349 0.0, -0.0503 -0.3349 0.0394, -0.0504 -0.335 0.0, -0.0504 -0.335 0.0394, -0.0506 -0.335 0.0, -0.0506 -0.335 0.0394, -0.0508 -0.335 0.0, -0.0508 -0.335 0.0394, -0.051 -0.3349 0.0, -0.051 -0.3349 0.0394, -0.0513 -0.3347 0.0, -0.0513 -0.3347 0.0394, -0.0516 -0.3344 0.0, -0.0516 -0.3344 0.0394, -0.0519 -0.3339 0.0, -0.0519 -0.3339 0.0394, -0.0523 -0.3332 0.0, -0.0523 -0.3332 0.0394, -0.0473 -0.3147 0.0394, -0.0473 -0.3147 0.0, -0.0481 -0.3039 0.0394, -0.0481 -0.3039 0.0, -0.0476 -0.3049 0.0, -0.0476 -0.3049 0.0394, -0.047 -0.3066 0.0, -0.047 -0.3066 0.0394, -0.0469 -0.3092 0.0, -0.0469 -0.3092 0.0394, -0.0495 -0.3014 0.0394, -0.0495 -0.3014 0.0, -0.0563 -0.2764 0.0394, -0.0563 -0.2764 0.0, -0.0532 -0.289 0.0, -0.0532 -0.289 0.0394, -0.0855 -0.1414 0.0394, -0.0855 -0.1414 0.0, -0.0894 -0.1414 0.0394, -0.0894 -0.1414 0.0, -0.1169 -0.2629 0.0394, -0.1169 -0.2629 0.0, -0.1203 -0.277 0.0394, -0.1203 -0.277 0.0, -0.1237 -0.2903 0.0394, -0.1237 -0.2903 0.0, -0.1218 -0.2837 0.0, -0.1218 -0.2837 0.0394, -0.1257 -0.2957 0.0394, -0.1257 -0.2957 0.0, -0.1297 -0.3124 0.0394, -0.1297 -0.3124 0.0, -0.1298 -0.3094 0.0, -0.1298 -0.3094 0.0394, -0.1299 -0.3082 0.0, -0.1299 -0.3082 0.0394, -0.1302 -0.3053 0.0, -0.1302 -0.3053 0.0394, -0.1301 -0.3047 0.0, -0.1301 -0.3047 0.0394, -0.13 -0.3043 0.0, -0.13 -0.3043 0.0394, -0.1297 -0.3038 0.0, -0.1297 -0.3038 0.0394, -0.1287 -0.3026 0.0, -0.1287 -0.3026 0.0394, -0.1275 -0.3008 0.0, -0.1275 -0.3008 0.0394, -0.1285 -0.3251 0.0394, -0.1285 -0.3251 0.0, -0.1281 -0.3284 0.0, -0.1279 -0.33 0.0394, -0.1279 -0.33 0.0, -0.1248 -0.3325 0.0394, -0.1248 -0.3325 0.0, -0.125 -0.3331 0.0, -0.125 -0.3331 0.0394, -0.1253 -0.3338 0.0, -0.1253 -0.3338 0.0394, -0.1256 -0.3342 0.0, -0.1256 -0.3342 0.0394, -0.1258 -0.3344 0.0, -0.1258 -0.3344 0.0394, -0.1261 -0.3345 0.0, -0.1261 -0.3345 0.0394, -0.1263 -0.3345 0.0, -0.1263 -0.3345 0.0394, -0.1265 -0.3345 0.0, -0.1265 -0.3345 0.0394, -0.1267 -0.3345 0.0, -0.1267 -0.3345 0.0394, -0.1269 -0.3344 0.0, -0.1269 -0.3344 0.0394, -0.1271 -0.3342 0.0, -0.1271 -0.3342 0.0394, -0.1273 -0.334 0.0, -0.1273 -0.334 0.0394, -0.1274 -0.3337 0.0, -0.1274 -0.3337 0.0394, -0.1275 -0.3333 0.0, -0.1275 -0.3333 0.0394, -0.1277 -0.3325 0.0, -0.1277 -0.3325 0.0394, -0.1278 -0.3315 0.0, -0.1278 -0.3315 0.0394, -0.1241 -0.3284 0.0, -0.0875 -0.1686 0.0394, -0.069 -0.2518 0.0394, -0.1056 -0.2481 0.0394, -0.0979 -0.2408 0.0394, -0.0909 -0.2456 0.0394, -0.0882 -0.247 0.0394, -0.0802 -0.2495 0.0394, -0.0979 -0.2408 0.0, -0.1056 -0.2481 0.0, -0.0909 -0.2456 0.0, -0.0882 -0.247 0.0, -0.0802 -0.2495 0.0, -0.069 -0.2518 0.0, -0.0875 -0.1686 0.0, 0.0463 -0.3138 0.0394, 0.0463 -0.1655 0.0394, 0.0463 -0.3138 0.0, 0.0463 -0.1655 0.0, 0.05 -0.1635 0.0394, 0.05 -0.1635 0.0, 0.0482 -0.1646 0.0, 0.0482 -0.1646 0.0394, 0.055 -0.1593 0.0394, 0.055 -0.1593 0.0, 0.0565 -0.153 0.0394, 0.0565 -0.153 0.0, 0.0569 -0.1534 0.0, 0.0569 -0.1534 0.0394, 0.0573 -0.1538 0.0, 0.0573 -0.1538 0.0394, 0.0575 -0.1543 0.0, 0.0575 -0.1543 0.0394, 0.0577 -0.1551 0.0, 0.0577 -0.1551 0.0394, 0.0576 -0.1558 0.0, 0.0576 -0.1558 0.0394, 0.0574 -0.1567 0.0, 0.0574 -0.1567 0.0394, 0.057 -0.1575 0.0, 0.057 -0.1575 0.0394, 0.0562 -0.1583 0.0, 0.0562 -0.1583 0.0394, 0.0513 -0.1539 0.0394, 0.0513 -0.1539 0.0, 0.0454 -0.1539 0.0394, 0.0454 -0.1539 0.0, 0.0406 -0.153 0.0394, 0.0406 -0.153 0.0, 0.043 -0.1534 0.0, 0.043 -0.1534 0.0394, 0.0346 -0.1525 0.0394, 0.0346 -0.1525 0.0, 0.0239 -0.1494 0.0394, 0.0239 -0.1494 0.0, 0.0114 -0.1476 0.0394, 0.0114 -0.1476 0.0, 0.0177 -0.1481 0.0, 0.0177 -0.1481 0.0394, -0.0279 -0.2456 0.0394, -0.0279 -0.2456 0.0, -0.0263 -0.2004 0.0, -0.0263 -0.2004 0.0394, -0.0217 -0.1722 0.0, -0.0217 -0.1722 0.0394, -0.0176 -0.1622 0.0, -0.0176 -0.1622 0.0394, -0.0131 -0.1561 0.0, -0.0131 -0.1561 0.0394, -0.0088 -0.1524 0.0, -0.0088 -0.1524 0.0394, -0.0039 -0.1498 0.0, -0.0039 -0.1498 0.0394, 0.0026 -0.1482 0.0, 0.0026 -0.1482 0.0394, 0.0225 -0.3235 0.0394, 0.0225 -0.3235 0.0, 0.0055 -0.3211 0.0, 0.0055 -0.3211 0.0394, -0.0014 -0.3191 0.0, -0.0014 -0.3191 0.0394, -0.004 -0.3178 0.0, -0.004 -0.3178 0.0394, -0.0088 -0.3141 0.0, -0.0088 -0.3141 0.0394, -0.0136 -0.3084 0.0, -0.0136 -0.3084 0.0394, -0.0212 -0.2938 0.0, -0.0212 -0.2938 0.0394, -0.026 -0.2731 0.0, -0.026 -0.2731 0.0394, 0.0349 -0.3249 0.0394, 0.0349 -0.3249 0.0, 0.0437 -0.3285 0.0394, 0.0437 -0.3285 0.0, 0.0435 -0.3285 0.0, 0.0433 -0.3284 0.0, 0.0425 -0.3279 0.0394, 0.0435 -0.3285 0.0394, 0.0425 -0.3279 0.0, 0.0396 -0.3261 0.0, 0.0396 -0.3261 0.0394, 0.0522 -0.3217 0.0394, 0.0522 -0.3217 0.0, 0.0496 -0.3244 0.0, 0.0496 -0.3244 0.0394, 0.0457 -0.3278 0.0, 0.0457 -0.3278 0.0394, 0.0448 -0.3284 0.0, 0.0447 -0.3284 0.0394, 0.0447 -0.3284 0.0, 0.0443 -0.3285 0.0, 0.0443 -0.3285 0.0394, 0.0556 -0.3181 0.0394, 0.0556 -0.3181 0.0, 0.0547 -0.3138 0.0394, 0.0547 -0.3138 0.0, 0.0559 -0.3137 0.0, 0.0559 -0.3137 0.0394, 0.0564 -0.3138 0.0, 0.0564 -0.3138 0.0394, 0.0565 -0.3138 0.0, 0.0565 -0.3138 0.0394, 0.0568 -0.3139 0.0, 0.0568 -0.3139 0.0394, 0.0569 -0.314 0.0, 0.0569 -0.314 0.0394, 0.057 -0.3142 0.0, 0.057 -0.3142 0.0394, 0.0572 -0.3144 0.0, 0.0572 -0.3144 0.0394, 0.0574 -0.315 0.0, 0.0574 -0.315 0.0394, 0.0575 -0.3153 0.0, 0.0575 -0.3153 0.0394, 0.0574 -0.3155 0.0, 0.0574 -0.3155 0.0394, 0.0573 -0.3158 0.0, 0.0573 -0.3158 0.0394, 0.0571 -0.3162 0.0, 0.0571 -0.3162 0.0394, 0.0568 -0.3167 0.0, 0.0568 -0.3167 0.0394, 0.0563 -0.3173 0.0, 0.0563 -0.3173 0.0394, -0.0196 -0.2587 0.0394, -0.0151 -0.2868 0.0394, 0.0383 -0.1635 0.0394, 0.0021 -0.3091 0.0394, -0.0025 -0.3071 0.0394, -0.0059 -0.3044 0.0394, -0.0092 -0.3002 0.0394, 0.0296 -0.3133 0.0394, 0.0339 -0.3134 0.0394, 0.0383 -0.3133 0.0394, 0.033 -0.1612 0.0394, 0.0209 -0.1585 0.0394, 0.0086 -0.1575 0.0394, 0.0171 -0.3118 0.0394, 0.0084 -0.3107 0.0394, 0.0002 -0.1593 0.0394, -0.0047 -0.1613 0.0394, -0.0079 -0.1638 0.0394, -0.0116 -0.1685 0.0394, -0.02 -0.2207 0.0394, -0.0175 -0.1867 0.0394, -0.0147 -0.175 0.0394, 0.0383 -0.1635 0.0, 0.0383 -0.3133 0.0, 0.033 -0.1612 0.0, 0.0209 -0.1585 0.0, 0.0086 -0.1575 0.0, 0.0002 -0.1593 0.0, -0.0047 -0.1613 0.0, -0.0079 -0.1638 0.0, -0.0116 -0.1685 0.0, -0.0147 -0.175 0.0, -0.0175 -0.1867 0.0, -0.02 -0.2207 0.0, -0.0196 -0.2587 0.0, -0.0151 -0.2868 0.0, -0.0092 -0.3002 0.0, -0.0059 -0.3044 0.0, -0.0025 -0.3071 0.0, 0.0021 -0.3091 0.0, 0.0084 -0.3107 0.0, 0.0171 -0.3118 0.0, 0.0296 -0.3133 0.0, 0.0339 -0.3134 0.0, 0.1044 -0.159 0.0394, 0.1401 -0.1649 0.0394, 0.1044 -0.159 0.0, 0.1401 -0.1649 0.0, 0.1401 -0.2272 0.0394, 0.1401 -0.2272 0.0, 0.1163 -0.2241 0.0394, 0.1163 -0.2241 0.0, 0.0973 -0.2181 0.0394, 0.0973 -0.2181 0.0, 0.1002 -0.2199 0.0, 0.1002 -0.2199 0.0394, 0.1065 -0.2221 0.0, 0.1065 -0.2221 0.0394, 0.0948 -0.2167 0.0394, 0.0948 -0.2167 0.0, 0.0865 -0.2249 0.0394, 0.0865 -0.2249 0.0, 0.088 -0.2298 0.0394, 0.088 -0.2298 0.0, 0.0871 -0.2297 0.0, 0.0871 -0.2297 0.0394, 0.0866 -0.2295 0.0, 0.0866 -0.2295 0.0394, 0.0862 -0.2293 0.0, 0.0862 -0.2293 0.0394, 0.0858 -0.2289 0.0, 0.0858 -0.2289 0.0394, 0.0855 -0.2285 0.0, 0.0855 -0.2285 0.0394, 0.0853 -0.228 0.0, 0.0853 -0.228 0.0394, 0.0853 -0.2275 0.0, 0.0853 -0.2275 0.0394, 0.0853 -0.227 0.0, 0.0853 -0.227 0.0394, 0.0856 -0.2264 0.0, 0.0856 -0.2264 0.0394, 0.0859 -0.2257 0.0, 0.0859 -0.2257 0.0394, 0.1401 -0.2371 0.0394, 0.1401 -0.2371 0.0, 0.1401 -0.3138 0.0394, 0.1401 -0.3138 0.0, 0.0979 -0.3079 0.0394, 0.0979 -0.3079 0.0, 0.0899 -0.3051 0.0394, 0.0899 -0.3051 0.0, 0.0938 -0.3068 0.0, 0.0938 -0.3068 0.0394, 0.0874 -0.3036 0.0394, 0.0874 -0.3036 0.0, 0.0795 -0.3124 0.0394, 0.0795 -0.3124 0.0, 0.0812 -0.317 0.0394, 0.0812 -0.317 0.0, 0.0804 -0.3169 0.0, 0.0804 -0.3169 0.0394, 0.0795 -0.3168 0.0, 0.0795 -0.3168 0.0394, 0.0792 -0.3166 0.0, 0.0792 -0.3166 0.0394, 0.079 -0.3165 0.0, 0.079 -0.3165 0.0394, 0.0788 -0.3162 0.0, 0.0788 -0.3162 0.0394, 0.0785 -0.3157 0.0, 0.0785 -0.3157 0.0394, 0.0784 -0.3152 0.0, 0.0784 -0.3152 0.0394, 0.0783 -0.3146 0.0, 0.0783 -0.3146 0.0394, 0.0784 -0.3141 0.0, 0.0784 -0.3141 0.0394, 0.0787 -0.3135 0.0, 0.0787 -0.3135 0.0394, 0.0854 -0.3172 0.0394, 0.0854 -0.3172 0.0, 0.1282 -0.3232 0.0394, 0.1282 -0.3232 0.0, 0.1068 -0.3199 0.0, 0.1068 -0.3199 0.0394, 0.1412 -0.3254 0.0394, 0.1412 -0.3254 0.0, 0.1508 -0.3215 0.0394, 0.1508 -0.3215 0.0, 0.1508 -0.3215 0.0, 0.1508 -0.3215 0.0394, 0.151 -0.3238 0.0, 0.151 -0.3238 0.0394, 0.1507 -0.3249 0.0, 0.1507 -0.3249 0.0394, 0.1504 -0.3257 0.0, 0.1504 -0.3257 0.0394, 0.1499 -0.3262 0.0, 0.1499 -0.3262 0.0394, 0.1493 -0.3267 0.0, 0.1493 -0.3267 0.0394, 0.1485 -0.327 0.0, 0.1485 -0.327 0.0394, 0.1475 -0.3272 0.0, 0.1475 -0.3272 0.0394, 0.1462 -0.3271 0.0, 0.1462 -0.3271 0.0394, 0.1443 -0.3266 0.0, 0.1443 -0.3266 0.0394, 0.1483 -0.307 0.0394, 0.1483 -0.307 0.0, 0.149 -0.3144 0.0, 0.149 -0.3144 0.0394, 0.1483 -0.3017 0.0394, 0.1483 -0.3017 0.0, 0.148 -0.2946 0.0394, 0.148 -0.2946 0.0, 0.1481 -0.2981 0.0, 0.1481 -0.2981 0.0394, 0.1483 -0.1649 0.0394, 0.1483 -0.1649 0.0, 0.1528 -0.1525 0.0394, 0.1528 -0.1525 0.0, 0.1538 -0.1523 0.0, 0.1538 -0.1523 0.0394, 0.1543 -0.1524 0.0, 0.1543 -0.1524 0.0394, 0.1547 -0.1525 0.0, 0.1547 -0.1525 0.0394, 0.155 -0.1527 0.0, 0.155 -0.1527 0.0394, 0.1552 -0.1529 0.0, 0.1552 -0.1529 0.0394, 0.1552 -0.1531 0.0, 0.1552 -0.1531 0.0394, 0.1553 -0.1533 0.0, 0.1553 -0.1533 0.0394, 0.1553 -0.1538 0.0, 0.1553 -0.1538 0.0394, 0.1553 -0.1544 0.0, 0.1553 -0.1544 0.0394, 0.1552 -0.1552 0.0, 0.1552 -0.1552 0.0394, 0.1549 -0.1563 0.0, 0.1549 -0.1563 0.0394, 0.1543 -0.1576 0.0, 0.1543 -0.1576 0.0394, 0.1531 -0.1591 0.0, 0.1531 -0.1591 0.0394, 0.1513 -0.1614 0.0, 0.1513 -0.1614 0.0394, 0.1474 -0.1533 0.0394, 0.1474 -0.1533 0.0, 0.1378 -0.1539 0.0394, 0.1378 -0.1539 0.0, 0.1426 -0.1539 0.0, 0.1426 -0.1539 0.0394, 0.1369 -0.1539 0.0394, 0.1369 -0.1539 0.0, 0.1259 -0.153 0.0394, 0.1259 -0.153 0.0, 0.1314 -0.1538 0.0, 0.1314 -0.1538 0.0394, 0.1148 -0.151 0.0394, 0.1148 -0.151 0.0, 0.0959 -0.1454 0.0394, 0.0959 -0.1454 0.0, 0.0973 -0.1462 0.0, 0.0973 -0.1462 0.0394, 0.1051 -0.1491 0.0, 0.1051 -0.1491 0.0394, 0.0933 -0.1437 0.0394, 0.0933 -0.1437 0.0, 0.0851 -0.1522 0.0394, 0.0851 -0.1522 0.0, 0.0865 -0.1567 0.0394, 0.0865 -0.1567 0.0, 0.0858 -0.1566 0.0, 0.0858 -0.1566 0.0394, 0.0852 -0.1565 0.0, 0.0852 -0.1565 0.0394, 0.0847 -0.1561 0.0, 0.0847 -0.1561 0.0394, 0.0844 -0.1558 0.0, 0.0844 -0.1558 0.0394, 0.0842 -0.1555 0.0, 0.0842 -0.1555 0.0394, 0.084 -0.1551 0.0, 0.084 -0.1551 0.0394, 0.084 -0.1547 0.0, 0.084 -0.1547 0.0394, 0.0841 -0.1543 0.0, 0.0841 -0.1543 0.0394, 0.0843 -0.1538 0.0, 0.0843 -0.1538 0.0394, 0.0846 -0.1531 0.0, 0.0846 -0.1531 0.0394, 0.0911 -0.1573 0.0394, 0.0911 -0.1573 0.0, 0.0977 -0.1581 0.0, 0.0977 -0.1581 0.0394, 0.1919 -0.1601 0.0394, 0.1894 -0.1646 0.0394, 0.1919 -0.1601 0.0, 0.1894 -0.1646 0.0, 0.1874 -0.1479 0.0394, 0.1874 -0.1479 0.0, 0.1832 -0.1479 0.0394, 0.1832 -0.1479 0.0, 0.1832 -0.2235 0.0394, 0.1832 -0.2235 0.0, 0.1885 -0.2235 0.0394, 0.1885 -0.2235 0.0, 0.2135 -0.1541 0.0394, 0.2135 -0.1541 0.0, 0.2087 -0.1552 0.0, 0.2087 -0.1552 0.0394, 0.2048 -0.1571 0.0, 0.2048 -0.1571 0.0394, 0.2008 -0.1604 0.0, 0.2008 -0.1604 0.0394, 0.1974 -0.1648 0.0, 0.1974 -0.1648 0.0394, 0.1933 -0.1741 0.0, 0.1933 -0.1741 0.0394, 0.19 -0.1897 0.0, 0.19 -0.1897 0.0394, 0.2489 -0.2501 0.0394, 0.2489 -0.2501 0.0, 0.249 -0.2468 0.0, 0.249 -0.2468 0.0394, 0.2477 -0.2045 0.0, 0.2477 -0.2045 0.0394, 0.2454 -0.1905 0.0, 0.2454 -0.1905 0.0394, 0.2388 -0.1716 0.0, 0.2388 -0.1716 0.0394, 0.2339 -0.1639 0.0, 0.2339 -0.1639 0.0394, 0.2292 -0.1592 0.0, 0.2292 -0.1592 0.0394, 0.2244 -0.1562 0.0, 0.2244 -0.1562 0.0394, 0.2194 -0.1545 0.0, 0.2194 -0.1545 0.0394, 0.2157 -0.3186 0.0394, 0.2157 -0.3186 0.0, 0.2201 -0.3182 0.0, 0.2201 -0.3182 0.0394, 0.2238 -0.3169 0.0, 0.2238 -0.3169 0.0394, 0.2275 -0.3147 0.0, 0.2275 -0.3147 0.0394, 0.2316 -0.3108 0.0, 0.2316 -0.3108 0.0394, 0.2374 -0.3024 0.0, 0.2374 -0.3024 0.0394, 0.2419 -0.2906 0.0, 0.2419 -0.2906 0.0394, 0.1849 -0.2731 0.0394, 0.1849 -0.2731 0.0, 0.1867 -0.285 0.0, 0.1867 -0.285 0.0394, 0.1906 -0.3013 0.0, 0.1906 -0.3013 0.0394, 0.1942 -0.308 0.0, 0.1942 -0.308 0.0394, 0.1982 -0.3125 0.0, 0.1982 -0.3125 0.0394, 0.2032 -0.3159 0.0, 0.2032 -0.3159 0.0394, 0.2093 -0.3181 0.0, 0.2093 -0.3181 0.0394, 0.1835 -0.2581 0.0394, 0.1835 -0.2581 0.0, 0.1789 -0.2583 0.0394, 0.1789 -0.2583 0.0, 0.2118 -0.328 0.0394, 0.2118 -0.328 0.0, 0.2047 -0.3267 0.0, 0.2047 -0.3267 0.0394, 0.1982 -0.3236 0.0, 0.1982 -0.3236 0.0394, 0.1929 -0.3193 0.0, 0.1929 -0.3193 0.0394, 0.1885 -0.3135 0.0, 0.1885 -0.3135 0.0394, 0.1842 -0.3046 0.0, 0.1842 -0.3046 0.0394, 0.1804 -0.2863 0.0, 0.1804 -0.2863 0.0394, 0.2554 -0.2062 0.0394, 0.2554 -0.2062 0.0, 0.2569 -0.2222 0.0, 0.2569 -0.2222 0.0394, 0.2556 -0.2606 0.0, 0.2556 -0.2606 0.0394, 0.252 -0.2834 0.0, 0.252 -0.2834 0.0394, 0.2442 -0.3063 0.0, 0.2442 -0.3063 0.0394, 0.2381 -0.3164 0.0, 0.2381 -0.3164 0.0394, 0.2333 -0.3214 0.0, 0.2333 -0.3214 0.0394, 0.2276 -0.325 0.0, 0.2276 -0.325 0.0394, 0.2199 -0.3276 0.0, 0.2199 -0.3276 0.0394, 0.2157 -0.1448 0.0394, 0.2157 -0.1448 0.0, 0.221 -0.145 0.0, 0.221 -0.145 0.0394, 0.2253 -0.1463 0.0, 0.2253 -0.1463 0.0394, 0.2301 -0.1491 0.0, 0.2301 -0.1491 0.0394, 0.2378 -0.1556 0.0, 0.2378 -0.1556 0.0394, 0.2434 -0.1637 0.0, 0.2434 -0.1637 0.0394, 0.2495 -0.1784 0.0, 0.2495 -0.1784 0.0394, 0.1951 -0.1559 0.0, 0.1951 -0.1559 0.0394, 0.2012 -0.1504 0.0, 0.2012 -0.1504 0.0394, 0.2075 -0.147 0.0, 0.2075 -0.147 0.0394, 0.3414 -0.1426 0.0394, 0.342 -0.1397 0.0394, 0.3414 -0.1426 0.0, 0.342 -0.1397 0.0, 0.34 -0.1374 0.0394, 0.34 -0.1374 0.0, 0.3275 -0.153 0.0394, 0.3275 -0.153 0.0, 0.3318 -0.1709 0.0394, 0.3318 -0.1709 0.0, 0.3317 -0.1674 0.0, 0.3317 -0.1674 0.0394, 0.3306 -0.1593 0.0, 0.3306 -0.1593 0.0394, 0.3318 -0.3152 0.0394, 0.3318 -0.3152 0.0, 0.2896 -0.3068 0.0394, 0.2896 -0.3068 0.0, 0.2908 -0.3073 0.0, 0.2908 -0.3073 0.0394, 0.2937 -0.3098 0.0, 0.2937 -0.3098 0.0394, 0.2959 -0.3109 0.0, 0.2959 -0.3109 0.0394, 0.2996 -0.3118 0.0, 0.2996 -0.3118 0.0394, 0.31 -0.3135 0.0, 0.31 -0.3135 0.0394, 0.278 -0.3195 0.0394, 0.278 -0.3195 0.0, 0.2781 -0.3185 0.0, 0.2781 -0.3185 0.0394, 0.2785 -0.3172 0.0, 0.2785 -0.3172 0.0394, 0.279 -0.3165 0.0, 0.279 -0.3165 0.0394, 0.2799 -0.3155 0.0, 0.2799 -0.3155 0.0394, 0.283 -0.3126 0.0, 0.283 -0.3126 0.0394, 0.3176 -0.3246 0.0394, 0.3176 -0.3246 0.0, 0.3012 -0.3232 0.0, 0.3012 -0.3232 0.0394, 0.2963 -0.3227 0.0, 0.2963 -0.3227 0.0394, 0.2845 -0.3211 0.0, 0.2845 -0.3211 0.0394, 0.2803 -0.3211 0.0, 0.2803 -0.3211 0.0394, 0.2798 -0.321 0.0, 0.2798 -0.321 0.0394, 0.279 -0.3207 0.0, 0.279 -0.3207 0.0394, 0.2786 -0.3204 0.0, 0.2786 -0.3204 0.0394, 0.2783 -0.3201 0.0, 0.2783 -0.3201 0.0394, 0.3295 -0.3257 0.0394, 0.3295 -0.3257 0.0, 0.3361 -0.3263 0.0394, 0.3361 -0.3263 0.0, 0.3397 -0.3141 0.0394, 0.3397 -0.3141 0.0, 0.3397 -0.3146 0.0, 0.3397 -0.3146 0.0394, 0.3406 -0.3226 0.0, 0.3406 -0.3226 0.0394, 0.3407 -0.3243 0.0, 0.3407 -0.3243 0.0394, 0.3405 -0.325 0.0, 0.3405 -0.325 0.0394, 0.3401 -0.3257 0.0, 0.3401 -0.3257 0.0394, 0.3398 -0.3262 0.0, 0.3398 -0.3262 0.0394, 0.3395 -0.3264 0.0, 0.3395 -0.3264 0.0394, 0.3392 -0.3266 0.0, 0.3392 -0.3266 0.0394, 0.3387 -0.3267 0.0, 0.3387 -0.3267 0.0394, 0.338 -0.3267 0.0, 0.338 -0.3267 0.0394, 0.3392 -0.2974 0.0394, 0.3392 -0.2974 0.0, 0.3392 -0.17 0.0394, 0.3392 -0.17 0.0, 0.3394 -0.1562 0.0, 0.3394 -0.1562 0.0394
            ]
        }
        coordIndex [
            0,1,2,-1,2,1,3,-1,1,4,3,-1,3,4,5,-1,4,6,5,-1,5,6,7,-1,6,8,7,-1,7,8,9,-1,9,8,10,-1,10,8,11,-1,10,11,12,-1,13,14,15,-1,13,15,16,-1,15,17,16,-1,16,17,18,-1,16,18,19,-1,19,18,20,-1,19,20,21,-1,21,20,22,-1,21,22,23,-1,23,22,24,-1,23,24,25,-1,25,24,26,-1,25,26,27,-1,27,26,28,-1,27,28,29,-1,29,28,30,-1,29,30,31,-1,31,30,32,-1,31,32,33,-1,33,32,34,-1,33,34,35,-1,35,34,36,-1,35,36,37,-1,37,36,38,-1,37,38,39,-1,39,38,40,-1,39,40,41,-1,41,40,42,-1,41,42,43,-1,43,42,12,-1,43,12,11,-1,13,44,14,-1,14,44,45,-1,46,47,48,-1,46,48,49,-1,49,48,50,-1,49,50,51,-1,51,50,52,-1,51,52,53,-1,53,52,45,-1,53,45,44,-1,46,54,47,-1,47,54,55,-1,56,57,58,-1,56,58,59,-1,59,58,55,-1,59,55,54,-1,56,60,57,-1,57,60,61,-1,60,62,61,-1,61,62,63,-1,62,64,63,-1,63,64,65,-1,64,66,65,-1,65,66,67,-1,68,69,70,-1,68,70,71,-1,71,70,67,-1,71,67,66,-1,68,72,69,-1,69,72,73,-1,74,75,76,-1,74,76,77,-1,77,76,78,-1,77,78,79,-1,79,78,80,-1,79,80,81,-1,81,80,82,-1,81,82,83,-1,83,82,84,-1,83,84,85,-1,85,84,86,-1,85,86,87,-1,87,86,88,-1,87,88,89,-1,89,88,90,-1,89,90,91,-1,91,90,73,-1,91,73,72,-1,74,92,75,-1,75,92,93,-1,93,92,94,-1,94,92,95,-1,94,95,96,-1,97,98,99,-1,97,99,100,-1,100,99,101,-1,100,101,102,-1,102,101,103,-1,102,103,104,-1,104,103,105,-1,104,105,106,-1,106,105,107,-1,106,107,108,-1,108,107,109,-1,108,109,110,-1,110,109,111,-1,110,111,112,-1,112,111,113,-1,112,113,114,-1,114,113,115,-1,114,115,116,-1,116,115,117,-1,116,117,118,-1,118,117,119,-1,118,119,120,-1,120,119,121,-1,120,121,122,-1,122,121,123,-1,122,123,124,-1,124,123,125,-1,124,125,126,-1,126,125,127,-1,126,127,128,-1,128,127,96,-1,128,96,95,-1,98,97,129,-1,129,97,0,-1,129,0,2,-1,130,60,131,-1,131,60,56,-1,1,132,133,-1,89,91,0,-1,0,91,72,-1,133,134,1,-1,1,134,135,-1,1,135,4,-1,4,135,136,-1,59,6,56,-1,56,6,4,-1,56,4,131,-1,131,4,136,-1,72,68,0,-1,0,68,71,-1,0,71,1,-1,1,71,66,-1,1,66,132,-1,132,66,64,-1,132,64,130,-1,130,64,62,-1,130,62,60,-1,6,44,8,-1,8,44,13,-1,8,13,11,-1,11,13,16,-1,11,16,43,-1,126,97,124,-1,124,97,100,-1,124,100,122,-1,74,77,0,-1,0,77,79,-1,0,79,89,-1,89,79,81,-1,59,54,6,-1,6,54,46,-1,6,46,49,-1,43,16,41,-1,41,16,19,-1,41,19,39,-1,83,85,81,-1,81,85,87,-1,81,87,89,-1,49,51,6,-1,6,51,53,-1,6,53,44,-1,35,37,23,-1,126,128,97,-1,97,128,95,-1,97,95,0,-1,0,95,92,-1,0,92,74,-1,39,19,37,-1,37,19,21,-1,37,21,23,-1,104,106,120,-1,122,100,120,-1,120,100,102,-1,120,102,104,-1,116,110,114,-1,114,110,112,-1,106,108,120,-1,120,108,110,-1,120,110,118,-1,118,110,116,-1,35,23,33,-1,33,23,25,-1,33,25,31,-1,31,25,27,-1,31,27,29,-1,133,132,137,-1,137,132,138,-1,134,133,139,-1,139,133,137,-1,134,139,140,-1,134,140,135,-1,135,140,141,-1,135,141,136,-1,136,141,142,-1,136,142,131,-1,130,131,143,-1,143,131,142,-1,132,130,138,-1,138,130,143,-1,144,145,146,-1,146,145,147,-1,148,149,150,-1,148,150,151,-1,151,150,147,-1,151,147,145,-1,148,152,149,-1,149,152,153,-1,154,155,156,-1,154,156,157,-1,157,156,158,-1,157,158,159,-1,159,158,160,-1,159,160,161,-1,161,160,162,-1,161,162,163,-1,163,162,164,-1,163,164,165,-1,165,164,166,-1,165,166,167,-1,167,166,168,-1,167,168,169,-1,169,168,170,-1,169,170,171,-1,171,170,153,-1,171,153,152,-1,154,172,155,-1,155,172,173,-1,172,174,173,-1,173,174,175,-1,176,177,178,-1,176,178,179,-1,179,178,175,-1,179,175,174,-1,176,180,177,-1,177,180,181,-1,180,182,181,-1,181,182,183,-1,184,185,186,-1,184,186,187,-1,187,186,183,-1,187,183,182,-1,188,189,190,-1,188,190,191,-1,191,190,192,-1,191,192,193,-1,193,192,194,-1,193,194,195,-1,195,194,196,-1,195,196,197,-1,197,196,198,-1,197,198,199,-1,199,198,200,-1,199,200,201,-1,201,200,202,-1,201,202,203,-1,203,202,185,-1,203,185,184,-1,204,205,206,-1,204,206,207,-1,207,206,208,-1,207,208,209,-1,209,208,210,-1,209,210,211,-1,211,210,212,-1,211,212,213,-1,213,212,214,-1,213,214,215,-1,215,214,216,-1,215,216,217,-1,217,216,218,-1,217,218,219,-1,219,218,189,-1,219,189,188,-1,204,220,205,-1,205,220,221,-1,222,223,224,-1,225,226,224,-1,224,226,227,-1,224,227,222,-1,225,228,226,-1,226,228,229,-1,226,229,230,-1,230,229,221,-1,230,221,220,-1,231,232,233,-1,231,233,234,-1,234,233,235,-1,234,235,236,-1,236,235,237,-1,236,237,238,-1,237,239,238,-1,238,239,240,-1,238,240,241,-1,241,240,223,-1,241,223,222,-1,231,242,232,-1,232,242,243,-1,244,245,246,-1,244,246,247,-1,247,246,248,-1,247,248,249,-1,249,248,250,-1,249,250,251,-1,251,250,252,-1,251,252,253,-1,253,252,254,-1,253,254,255,-1,255,254,256,-1,255,256,257,-1,257,256,258,-1,257,258,259,-1,259,258,260,-1,259,260,261,-1,261,260,262,-1,261,262,263,-1,263,262,264,-1,263,264,265,-1,265,264,266,-1,265,266,267,-1,267,266,268,-1,267,268,269,-1,269,268,270,-1,269,270,271,-1,271,270,272,-1,271,272,273,-1,273,272,243,-1,273,243,242,-1,244,144,245,-1,245,144,146,-1,274,275,217,-1,174,172,276,-1,217,275,215,-1,171,152,172,-1,144,244,226,-1,269,271,244,-1,244,271,273,-1,244,273,242,-1,277,211,278,-1,278,211,213,-1,278,213,279,-1,279,213,215,-1,279,215,280,-1,280,215,275,-1,220,281,282,-1,144,283,145,-1,145,283,276,-1,145,276,151,-1,151,276,172,-1,151,172,148,-1,148,172,152,-1,284,285,182,-1,182,285,187,-1,187,285,286,-1,187,286,184,-1,281,220,287,-1,287,220,204,-1,287,204,288,-1,288,204,207,-1,288,207,277,-1,277,207,209,-1,277,209,211,-1,226,230,144,-1,144,230,220,-1,144,220,283,-1,283,220,282,-1,182,180,284,-1,284,180,176,-1,284,176,276,-1,276,176,179,-1,276,179,174,-1,184,286,203,-1,203,286,289,-1,203,289,201,-1,201,289,199,-1,199,289,290,-1,199,290,197,-1,197,290,291,-1,197,291,195,-1,195,291,292,-1,195,292,193,-1,241,222,227,-1,263,265,244,-1,244,265,267,-1,244,267,269,-1,172,154,171,-1,171,154,157,-1,171,157,169,-1,169,157,159,-1,217,219,274,-1,274,219,188,-1,274,188,293,-1,293,188,191,-1,293,191,294,-1,294,191,193,-1,294,193,295,-1,295,193,292,-1,242,231,244,-1,244,231,234,-1,244,234,226,-1,226,234,236,-1,226,236,227,-1,227,236,238,-1,227,238,241,-1,247,249,259,-1,259,249,251,-1,259,251,257,-1,257,251,253,-1,257,253,255,-1,159,161,169,-1,169,161,163,-1,169,163,167,-1,167,163,165,-1,247,259,244,-1,244,259,261,-1,244,261,263,-1,276,283,296,-1,296,283,297,-1,284,276,298,-1,298,276,296,-1,284,298,299,-1,284,299,285,-1,285,299,300,-1,285,300,286,-1,286,300,301,-1,286,301,289,-1,289,301,302,-1,289,302,290,-1,290,302,303,-1,290,303,291,-1,291,303,304,-1,291,304,292,-1,292,304,305,-1,292,305,295,-1,295,305,306,-1,295,306,294,-1,294,306,307,-1,294,307,293,-1,293,307,308,-1,293,308,274,-1,274,308,309,-1,274,309,275,-1,275,309,310,-1,275,310,280,-1,280,310,311,-1,280,311,279,-1,279,311,312,-1,279,312,278,-1,278,312,313,-1,278,313,277,-1,277,313,314,-1,277,314,288,-1,288,314,315,-1,288,315,287,-1,281,287,316,-1,316,287,315,-1,281,316,317,-1,281,317,282,-1,282,317,297,-1,282,297,283,-1,318,319,320,-1,320,319,321,-1,319,322,321,-1,321,322,323,-1,322,324,323,-1,323,324,325,-1,326,327,328,-1,326,328,329,-1,329,328,330,-1,329,330,331,-1,331,330,325,-1,331,325,324,-1,326,332,327,-1,327,332,333,-1,332,334,333,-1,333,334,335,-1,336,337,338,-1,336,338,339,-1,339,338,340,-1,339,340,341,-1,341,340,342,-1,341,342,343,-1,343,342,344,-1,343,344,345,-1,345,344,346,-1,345,346,347,-1,347,346,348,-1,347,348,349,-1,349,348,350,-1,349,350,351,-1,351,350,352,-1,351,352,353,-1,353,352,354,-1,353,354,355,-1,355,354,356,-1,355,356,357,-1,357,356,335,-1,357,335,334,-1,336,358,337,-1,337,358,359,-1,358,360,359,-1,359,360,361,-1,360,362,361,-1,361,362,363,-1,364,365,366,-1,364,366,367,-1,367,366,363,-1,367,363,362,-1,364,368,365,-1,365,368,369,-1,368,370,369,-1,369,370,371,-1,372,373,374,-1,372,374,375,-1,375,374,376,-1,375,376,377,-1,377,376,378,-1,377,378,379,-1,379,378,380,-1,379,380,381,-1,381,380,382,-1,381,382,383,-1,383,382,384,-1,383,384,385,-1,385,384,386,-1,385,386,387,-1,387,386,388,-1,387,388,389,-1,389,388,390,-1,389,390,391,-1,391,390,392,-1,391,392,393,-1,393,392,371,-1,393,371,370,-1,372,394,373,-1,373,394,395,-1,396,397,398,-1,396,398,399,-1,399,398,395,-1,399,395,394,-1,396,400,397,-1,397,400,401,-1,402,403,404,-1,402,404,405,-1,405,404,406,-1,405,406,407,-1,407,406,408,-1,407,408,409,-1,409,408,410,-1,409,410,411,-1,411,410,412,-1,411,412,413,-1,413,412,414,-1,413,414,415,-1,415,414,416,-1,415,416,417,-1,417,416,418,-1,417,418,419,-1,419,418,420,-1,419,420,421,-1,421,420,422,-1,421,422,423,-1,423,422,401,-1,423,401,400,-1,424,425,426,-1,424,426,427,-1,427,426,403,-1,427,403,402,-1,424,428,425,-1,425,428,429,-1,430,431,432,-1,430,432,433,-1,433,432,429,-1,433,429,428,-1,430,434,431,-1,431,434,435,-1,436,437,438,-1,436,438,439,-1,439,438,440,-1,439,440,441,-1,441,440,442,-1,441,442,443,-1,443,442,444,-1,443,444,445,-1,445,444,446,-1,445,446,447,-1,447,446,448,-1,447,448,449,-1,449,448,450,-1,449,450,451,-1,451,450,452,-1,451,452,453,-1,453,452,454,-1,453,454,455,-1,455,454,456,-1,455,456,457,-1,457,456,458,-1,457,458,459,-1,459,458,460,-1,459,460,461,-1,461,460,462,-1,461,462,463,-1,463,462,464,-1,463,464,465,-1,465,464,435,-1,465,435,434,-1,436,466,437,-1,437,466,467,-1,468,469,470,-1,468,470,471,-1,471,470,467,-1,471,467,466,-1,468,472,469,-1,469,472,473,-1,474,475,476,-1,474,476,477,-1,477,476,473,-1,477,473,472,-1,474,478,475,-1,475,478,479,-1,480,481,482,-1,480,482,483,-1,483,482,484,-1,483,484,485,-1,485,484,479,-1,485,479,478,-1,480,486,481,-1,481,486,487,-1,486,488,487,-1,487,488,489,-1,490,491,492,-1,490,492,493,-1,493,492,494,-1,493,494,495,-1,495,494,496,-1,495,496,497,-1,497,496,498,-1,497,498,499,-1,499,498,500,-1,499,500,501,-1,501,500,502,-1,501,502,503,-1,503,502,504,-1,503,504,505,-1,505,504,506,-1,505,506,507,-1,507,506,508,-1,507,508,509,-1,509,508,510,-1,509,510,511,-1,511,510,489,-1,511,489,488,-1,490,512,491,-1,491,512,513,-1,318,320,514,-1,318,514,515,-1,515,514,513,-1,515,513,512,-1,364,367,394,-1,394,367,362,-1,417,419,360,-1,360,419,421,-1,360,421,423,-1,405,360,402,-1,402,360,427,-1,461,463,319,-1,383,385,370,-1,423,400,360,-1,360,400,396,-1,360,396,362,-1,362,396,399,-1,362,399,394,-1,430,433,360,-1,433,428,360,-1,360,428,424,-1,360,424,427,-1,405,407,360,-1,360,407,409,-1,360,409,411,-1,322,358,324,-1,324,358,336,-1,324,336,331,-1,331,336,329,-1,509,511,490,-1,490,511,488,-1,463,465,319,-1,319,465,434,-1,319,434,322,-1,322,434,430,-1,322,430,358,-1,358,430,360,-1,329,336,326,-1,326,336,334,-1,326,334,332,-1,364,394,368,-1,368,394,372,-1,368,372,370,-1,370,372,375,-1,370,375,377,-1,385,387,389,-1,411,413,360,-1,360,413,415,-1,360,415,417,-1,445,447,319,-1,319,447,449,-1,455,457,319,-1,319,457,459,-1,319,459,461,-1,488,486,490,-1,490,486,480,-1,490,480,512,-1,512,480,483,-1,512,483,515,-1,515,483,485,-1,515,485,318,-1,318,485,478,-1,318,478,319,-1,319,478,474,-1,319,474,477,-1,477,472,319,-1,319,472,468,-1,319,468,471,-1,389,391,385,-1,385,391,393,-1,385,393,370,-1,339,355,336,-1,336,355,357,-1,336,357,334,-1,449,451,319,-1,319,451,453,-1,319,453,455,-1,497,499,507,-1,471,466,319,-1,319,466,436,-1,319,436,439,-1,377,379,370,-1,370,379,381,-1,370,381,383,-1,339,341,355,-1,355,341,343,-1,355,343,353,-1,353,343,345,-1,345,347,353,-1,353,347,349,-1,353,349,351,-1,497,507,495,-1,439,441,319,-1,319,441,443,-1,319,443,445,-1,509,490,507,-1,507,490,493,-1,507,493,495,-1,499,501,507,-1,507,501,503,-1,507,503,505,-1,516,517,518,-1,518,517,519,-1,517,520,519,-1,519,520,521,-1,520,522,521,-1,521,522,523,-1,522,524,523,-1,523,524,525,-1,524,526,525,-1,525,526,527,-1,528,529,530,-1,528,530,531,-1,531,530,532,-1,531,532,533,-1,533,532,534,-1,533,534,535,-1,535,534,536,-1,535,536,537,-1,537,536,538,-1,537,538,539,-1,539,538,540,-1,539,540,541,-1,541,540,527,-1,541,527,526,-1,542,543,544,-1,542,544,545,-1,545,544,546,-1,545,546,547,-1,547,546,548,-1,547,548,549,-1,549,548,550,-1,549,550,551,-1,551,550,552,-1,551,552,553,-1,553,552,554,-1,553,554,555,-1,555,554,556,-1,555,556,557,-1,557,556,558,-1,557,558,559,-1,559,558,529,-1,559,529,528,-1,560,561,562,-1,560,562,563,-1,563,562,564,-1,563,564,565,-1,565,564,566,-1,565,566,567,-1,567,566,568,-1,567,568,569,-1,569,568,570,-1,569,570,571,-1,571,570,572,-1,571,572,573,-1,573,572,543,-1,573,543,542,-1,574,575,576,-1,574,576,577,-1,577,576,578,-1,577,578,579,-1,579,578,580,-1,579,580,581,-1,581,580,582,-1,581,582,583,-1,583,582,584,-1,583,584,585,-1,585,584,586,-1,585,586,587,-1,587,586,561,-1,587,561,560,-1,574,588,575,-1,575,588,589,-1,588,590,589,-1,589,590,591,-1,592,593,594,-1,592,594,595,-1,595,594,596,-1,595,596,597,-1,597,596,598,-1,597,598,599,-1,599,598,600,-1,599,600,601,-1,601,600,602,-1,601,602,603,-1,603,602,604,-1,603,604,605,-1,605,604,591,-1,605,591,590,-1,606,607,608,-1,606,608,609,-1,609,608,610,-1,609,610,611,-1,611,610,612,-1,611,612,613,-1,613,612,614,-1,613,614,615,-1,615,614,616,-1,615,616,617,-1,617,616,618,-1,617,618,619,-1,619,618,620,-1,619,620,621,-1,621,620,622,-1,621,622,623,-1,623,622,593,-1,623,593,592,-1,624,625,626,-1,624,626,627,-1,627,626,628,-1,627,628,629,-1,629,628,630,-1,629,630,631,-1,631,630,632,-1,631,632,633,-1,633,632,634,-1,633,634,635,-1,635,634,636,-1,635,636,637,-1,637,636,607,-1,637,607,606,-1,516,518,638,-1,516,638,639,-1,639,638,640,-1,639,640,641,-1,641,640,642,-1,641,642,643,-1,643,642,625,-1,643,625,624,-1,524,522,517,-1,517,522,520,-1,516,533,517,-1,517,533,535,-1,517,535,537,-1,605,590,588,-1,516,639,533,-1,533,639,641,-1,533,641,531,-1,531,641,643,-1,531,643,528,-1,528,643,624,-1,528,624,559,-1,526,524,541,-1,541,524,517,-1,541,517,539,-1,539,517,537,-1,633,635,551,-1,551,635,549,-1,549,635,637,-1,549,637,547,-1,588,574,605,-1,605,574,577,-1,605,577,603,-1,603,577,579,-1,603,579,601,-1,601,579,581,-1,601,581,599,-1,599,581,583,-1,599,583,597,-1,597,583,585,-1,597,585,595,-1,595,585,587,-1,595,587,592,-1,592,587,560,-1,592,560,623,-1,623,560,563,-1,623,563,621,-1,621,563,565,-1,621,565,619,-1,619,565,567,-1,619,567,617,-1,617,567,569,-1,617,569,615,-1,615,569,571,-1,615,571,613,-1,613,571,573,-1,613,573,611,-1,551,553,633,-1,633,553,555,-1,633,555,631,-1,631,555,557,-1,631,557,629,-1,629,557,559,-1,629,559,627,-1,627,559,624,-1,573,542,611,-1,611,542,545,-1,611,545,609,-1,609,545,547,-1,609,547,606,-1,606,547,637,-1,644,645,646,-1,646,645,647,-1,645,648,647,-1,647,648,649,-1,648,650,649,-1,649,650,651,-1,652,653,654,-1,652,654,655,-1,655,654,656,-1,655,656,657,-1,657,656,651,-1,657,651,650,-1,652,658,653,-1,653,658,659,-1,660,661,662,-1,660,662,663,-1,663,662,664,-1,663,664,665,-1,665,664,666,-1,665,666,667,-1,667,666,668,-1,667,668,669,-1,669,668,670,-1,669,670,671,-1,671,670,659,-1,671,659,658,-1,672,673,674,-1,672,674,675,-1,675,674,676,-1,675,676,677,-1,677,676,678,-1,677,678,679,-1,679,678,680,-1,679,680,681,-1,681,680,682,-1,681,682,683,-1,683,682,661,-1,683,661,660,-1,684,685,686,-1,684,686,687,-1,687,686,688,-1,687,688,689,-1,689,688,690,-1,689,690,691,-1,691,690,692,-1,691,692,693,-1,693,692,694,-1,693,694,695,-1,695,694,696,-1,695,696,697,-1,697,696,698,-1,697,698,699,-1,699,698,700,-1,699,700,701,-1,701,700,673,-1,701,673,672,-1,684,702,685,-1,685,702,703,-1,702,704,703,-1,703,704,705,-1,706,707,708,-1,706,708,709,-1,709,708,710,-1,709,710,711,-1,711,710,712,-1,711,712,713,-1,713,712,714,-1,713,714,715,-1,715,714,716,-1,715,716,717,-1,717,716,718,-1,717,718,719,-1,719,718,720,-1,719,720,721,-1,721,720,722,-1,721,722,723,-1,723,722,724,-1,723,724,725,-1,725,724,726,-1,725,726,727,-1,727,726,705,-1,727,705,704,-1,706,728,707,-1,707,728,729,-1,728,730,729,-1,729,730,731,-1,644,646,732,-1,644,732,733,-1,733,732,731,-1,733,731,730,-1,681,683,691,-1,689,691,665,-1,658,717,719,-1,683,660,691,-1,691,660,663,-1,691,663,665,-1,665,667,689,-1,689,667,669,-1,689,669,687,-1,687,669,671,-1,730,728,658,-1,728,706,658,-1,658,706,709,-1,658,709,711,-1,658,725,727,-1,648,645,650,-1,650,645,644,-1,650,644,657,-1,657,644,733,-1,657,733,655,-1,655,733,730,-1,655,730,652,-1,652,730,658,-1,711,713,658,-1,658,713,715,-1,658,715,717,-1,675,677,691,-1,691,677,679,-1,691,679,681,-1,719,721,658,-1,658,721,723,-1,658,723,725,-1,727,704,658,-1,658,704,702,-1,658,702,671,-1,671,702,684,-1,671,684,687,-1,691,693,675,-1,675,693,695,-1,675,695,697,-1,697,699,675,-1,675,699,701,-1,675,701,672,-1,
        ]
    }
}
Shape{
    appearance Appearance {
        material  Material {
            diffuseColor 0.25098039215686274 0.25098039215686274 0.25098039215686274
            specularColor 0.12549019607843137 0.12549019607843137 0.12549019607843137
            ambientIntensity 0.251
            transparency 0.0
            shininess 0.5
        }
    }
    geometry IndexedFaceSet {
        ccw TRUE
        solid FALSE
        coord DEF co Coordinate {
            point [
                -0.0979 -0.2408 0.0, -0.1056 -0.2481 0.0, -0.0875 -0.1686 0.0, -0.069 -0.2518 0.0, -0.0802 -0.2495 0.0, -0.0882 -0.247 0.0, -0.0909 -0.2456 0.0, 0.0383 -0.1635 0.0, 0.0383 -0.3133 0.0, 0.033 -0.1612 0.0, 0.0339 -0.3134 0.0, 0.0296 -0.3133 0.0, 0.0171 -0.3118 0.0, 0.0084 -0.3107 0.0, 0.0021 -0.3091 0.0, 0.0002 -0.1593 0.0, -0.0175 -0.1867 0.0, -0.0147 -0.175 0.0, -0.02 -0.2207 0.0, 0.0209 -0.1585 0.0, 0.0086 -0.1575 0.0, -0.0025 -0.3071 0.0, -0.0059 -0.3044 0.0, -0.0092 -0.3002 0.0, -0.0151 -0.2868 0.0, -0.0196 -0.2587 0.0, -0.0116 -0.1685 0.0, -0.0079 -0.1638 0.0, -0.0047 -0.1613 0.0, -0.5953 0.2598 0.0394, -0.8 0.2598 0.0394, -0.5953 0.2598 0.0, -0.8 0.2598 0.0, -0.6032 0.2559 0.0394, -0.6032 -0.2559 0.0394, -0.6032 0.2559 0.0, -0.6032 -0.2559 0.0, -0.8 -0.2598 0.0394, -0.5953 -0.2598 0.0394, -0.8 -0.2598 0.0, -0.5953 -0.2598 0.0, -0.8 0.2559 0.0394, -0.8 -0.2559 0.0394, 0.8 0.2598 0.0394, 0.5953 0.2598 0.0394, 0.8 0.2598 0.0, 0.5953 0.2598 0.0, 0.5953 -0.2598 0.0394, 0.5953 -0.2598 0.0, 0.8 -0.2598 0.0394, 0.8 -0.2598 0.0, 0.6032 -0.2559 0.0394, 0.6032 0.2559 0.0394, 0.6032 -0.2559 0.0, 0.6032 0.2559 0.0, 0.8 -0.2559 0.0394, 0.8 0.2559 0.0394
            ]
        }
        coordIndex [
            0,1,2,-1,2,3,4,-1,4,5,2,-1,2,5,6,-1,2,6,0,-1,7,8,9,-1,9,8,10,-1,9,10,11,-1,11,12,9,-1,9,12,13,-1,9,13,14,-1,15,16,17,-1,9,18,19,-1,19,18,16,-1,19,16,20,-1,20,16,15,-1,14,21,9,-1,9,21,22,-1,9,22,23,-1,23,24,9,-1,9,24,25,-1,9,25,18,-1,17,26,15,-1,15,26,27,-1,15,27,28,-1,29,30,31,-1,31,30,32,-1,33,34,35,-1,35,34,36,-1,37,38,39,-1,39,38,40,-1,38,29,40,-1,40,29,31,-1,41,30,33,-1,33,30,29,-1,33,29,34,-1,34,29,38,-1,34,38,42,-1,42,38,37,-1,43,44,45,-1,45,44,46,-1,44,47,46,-1,46,47,48,-1,47,49,48,-1,48,49,50,-1,51,52,53,-1,53,52,54,-1,55,49,51,-1,51,49,47,-1,51,47,52,-1,52,47,44,-1,52,44,56,-1,56,44,43,-1,
        ]
    }
}
Shape{
    appearance Appearance {
        material  Material {
            diffuseColor 0.7529411764705882 0.7529411764705882 0.7529411764705882
            specularColor 0.3764705882352941 0.3764705882352941 0.3764705882352941
            ambientIntensity 0.7529
            transparency 0.0
            shininess 0.5
        }
    }
    geometry IndexedFaceSet {
        ccw TRUE
        solid FALSE
        coord DEF co Coordinate {
            point [
                -0.7669 0.3486 0.5512, -0.7669 0.2813 0.5512, -0.7596 0.2871 0.5512, -0.7533 0.2953 0.5512, -0.7533 0.3346 0.5512, -0.7596 0.3428 0.5512, -0.7494 0.3048 0.5512, -0.748 0.315 0.5512, -0.7494 0.3252 0.5512, -0.7874 0.2756 0.5512, -0.7874 0.2756 0.5906, -0.7772 0.2769 0.5512, -0.7772 0.2769 0.5906, -0.7677 0.2809 0.5512, -0.7677 0.2809 0.5906, -0.7596 0.2871 0.5906, -0.7677 0.3491 0.5906, -0.7596 0.3428 0.5906, -0.7533 0.3346 0.5906, -0.7494 0.3252 0.5906, -0.748 0.315 0.5906, -0.7494 0.3048 0.5906, -0.7533 0.2953 0.5906, -0.7874 0.3543 0.5906, -0.7874 0.3543 0.5512, -0.7772 0.353 0.5906, -0.7772 0.353 0.5512, -0.7677 0.3491 0.5512, -0.7596 -0.2871 0.5512, -0.7669 -0.2813 0.5512, -0.7669 -0.3486 0.5512, -0.7494 -0.3048 0.5512, -0.7533 -0.3346 0.5512, -0.748 -0.315 0.5512, -0.7494 -0.3252 0.5512, -0.7596 -0.3428 0.5512, -0.7533 -0.2953 0.5512, -0.7874 -0.3543 0.5512, -0.7874 -0.3543 0.5906, -0.7772 -0.353 0.5512, -0.7772 -0.353 0.5906, -0.7677 -0.3491 0.5512, -0.7677 -0.3491 0.5906, -0.7596 -0.3428 0.5906, -0.7677 -0.2809 0.5906, -0.7596 -0.2871 0.5906, -0.7533 -0.2953 0.5906, -0.7494 -0.3048 0.5906, -0.748 -0.315 0.5906, -0.7494 -0.3252 0.5906, -0.7533 -0.3346 0.5906, -0.7874 -0.2756 0.5906, -0.7874 -0.2756 0.5512, -0.7772 -0.2769 0.5906, -0.7772 -0.2769 0.5512, -0.7677 -0.2809 0.5512, 0.7533 -0.3346 0.5512, 0.7596 -0.3428 0.5512, 0.7596 -0.2871 0.5512, 0.7669 -0.3486 0.5512, 0.7669 -0.2813 0.5512, 0.7533 -0.2953 0.5512, 0.7494 -0.3048 0.5512, 0.748 -0.315 0.5512, 0.7494 -0.3252 0.5512, 0.7874 -0.2756 0.5512, 0.7874 -0.2756 0.5906, 0.7772 -0.2769 0.5512, 0.7772 -0.2769 0.5906, 0.7677 -0.2809 0.5512, 0.7677 -0.2809 0.5906, 0.7596 -0.2871 0.5906, 0.7677 -0.3491 0.5906, 0.7596 -0.3428 0.5906, 0.7533 -0.3346 0.5906, 0.7494 -0.3252 0.5906, 0.748 -0.315 0.5906, 0.7494 -0.3048 0.5906, 0.7533 -0.2953 0.5906, 0.7874 -0.3543 0.5906, 0.7874 -0.3543 0.5512, 0.7772 -0.353 0.5906, 0.7772 -0.353 0.5512, 0.7677 -0.3491 0.5512, 0.7669 0.2813 0.5512, 0.7669 0.3486 0.5512, 0.7596 0.2871 0.5512, 0.7596 0.3428 0.5512, 0.7533 0.2953 0.5512, 0.7533 0.3346 0.5512, 0.7494 0.3252 0.5512, 0.748 0.315 0.5512, 0.7494 0.3048 0.5512, 0.7874 0.3543 0.5512, 0.7874 0.3543 0.5906, 0.7772 0.353 0.5512, 0.7772 0.353 0.5906, 0.7677 0.3491 0.5512, 0.7677 0.3491 0.5906, 0.7596 0.3428 0.5906, 0.7677 0.2809 0.5906, 0.7596 0.2871 0.5906, 0.7533 0.2953 0.5906, 0.7494 0.3048 0.5906, 0.748 0.315 0.5906, 0.7494 0.3252 0.5906, 0.7533 0.3346 0.5906, 0.7874 0.2756 0.5906, 0.7874 0.2756 0.5512, 0.7772 0.2769 0.5906, 0.7772 0.2769 0.5512, 0.7677 0.2809 0.5512
            ]
        }
        coordIndex [
            0,1,2,-1,3,4,2,-1,2,4,5,-1,2,5,0,-1,6,7,3,-1,3,7,8,-1,3,8,4,-1,9,10,11,-1,11,10,12,-1,11,12,13,-1,13,12,14,-1,13,14,1,-1,1,14,15,-1,16,0,17,-1,17,0,5,-1,17,5,18,-1,18,5,4,-1,18,4,19,-1,19,4,8,-1,19,8,20,-1,20,8,7,-1,20,7,21,-1,21,7,6,-1,21,6,22,-1,22,6,3,-1,22,3,15,-1,15,3,2,-1,15,2,1,-1,23,24,25,-1,25,24,26,-1,25,26,16,-1,16,26,27,-1,16,27,0,-1,28,29,30,-1,31,32,33,-1,33,32,34,-1,30,35,28,-1,28,35,32,-1,28,32,36,-1,36,32,31,-1,37,38,39,-1,39,38,40,-1,39,40,41,-1,41,40,42,-1,41,42,30,-1,30,42,43,-1,44,29,45,-1,45,29,28,-1,45,28,46,-1,46,28,36,-1,46,36,47,-1,47,36,31,-1,47,31,48,-1,48,31,33,-1,48,33,49,-1,49,33,34,-1,49,34,50,-1,50,34,32,-1,50,32,43,-1,43,32,35,-1,43,35,30,-1,51,52,53,-1,53,52,54,-1,53,54,44,-1,44,54,55,-1,44,55,29,-1,56,57,58,-1,58,57,59,-1,58,59,60,-1,58,61,62,-1,62,63,58,-1,58,63,64,-1,58,64,56,-1,65,66,67,-1,67,66,68,-1,67,68,69,-1,69,68,70,-1,69,70,60,-1,60,70,71,-1,72,59,73,-1,73,59,57,-1,73,57,74,-1,74,57,56,-1,74,56,75,-1,75,56,64,-1,75,64,76,-1,76,64,63,-1,76,63,77,-1,77,63,62,-1,77,62,78,-1,78,62,61,-1,78,61,71,-1,71,61,58,-1,71,58,60,-1,79,80,81,-1,81,80,82,-1,81,82,72,-1,72,82,83,-1,72,83,59,-1,84,85,86,-1,86,85,87,-1,86,87,88,-1,87,89,90,-1,90,91,87,-1,87,91,92,-1,87,92,88,-1,93,94,95,-1,95,94,96,-1,95,96,97,-1,97,96,98,-1,97,98,85,-1,85,98,99,-1,100,84,101,-1,101,84,86,-1,101,86,102,-1,102,86,88,-1,102,88,103,-1,103,88,92,-1,103,92,104,-1,104,92,91,-1,104,91,105,-1,105,91,90,-1,105,90,106,-1,106,90,89,-1,106,89,99,-1,99,89,87,-1,99,87,85,-1,107,108,109,-1,109,108,110,-1,109,110,100,-1,100,110,111,-1,100,111,84,-1,
        ]
    }
}